-- Table: class


INSERT INTO class (class_id, class_capacity, faculty_id) VALUES ('Z10', 50, 'CASE');
INSERT INTO class (class_id, class_capacity, faculty_id) VALUES ('Z20', 60, 'SOS');
INSERT INTO class (class_id, class_capacity, faculty_id) VALUES ('Z30', 70, 'LAW');
INSERT INTO class (class_id, class_capacity, faculty_id) VALUES ('Z40', 80, 'MED');
INSERT INTO class (class_id, class_capacity, faculty_id) VALUES ('Z50', 90, 'ENG');
INSERT INTO class (class_id, class_capacity, faculty_id) VALUES ('B10', 100, 'SCI');
INSERT INTO class (class_id, class_capacity, faculty_id) VALUES ('B20', 90, 'SNA');
INSERT INTO class (class_id, class_capacity, faculty_id) VALUES ('B30', 80, 'CASE');
INSERT INTO class (class_id, class_capacity, faculty_id) VALUES ('B40', 70, 'SOS');
INSERT INTO class (class_id, class_capacity, faculty_id) VALUES ('B50', 60, 'LAW');
INSERT INTO class (class_id, class_capacity, faculty_id) VALUES ('110', 110, 'MED');
INSERT INTO class (class_id, class_capacity, faculty_id) VALUES ('120', 120, 'ENG');
INSERT INTO class (class_id, class_capacity, faculty_id) VALUES ('130', 130, 'SCI');
INSERT INTO class (class_id, class_capacity, faculty_id) VALUES ('140', 140, 'SNA');


-- Table: club


INSERT INTO club (club_id, club_name, club_creation_date) VALUES (1, 'Aerospace Students Society (MASS)', '2019-09-01');
INSERT INTO club (club_id, club_name, club_creation_date) VALUES (2, 'Amateur Astronomy Club', '2019-09-01');
INSERT INTO club (club_id, club_name, club_creation_date) VALUES (3, 'Amateur Photography Society', '2019-09-01');
INSERT INTO club (club_id, club_name, club_creation_date) VALUES (4, 'Archeological Society', '2019-09-01');
INSERT INTO club (club_id, club_name, club_creation_date) VALUES (5, 'Architecture Club', '2019-09-01');
INSERT INTO club (club_id, club_name, club_creation_date) VALUES (6, 'Atatürk''s Thought Club', '2019-09-01');
INSERT INTO club (club_id, club_name, club_creation_date) VALUES (7, 'Biology and Genetics Society', '2019-09-01');
INSERT INTO club (club_id, club_name, club_creation_date) VALUES (8, 'Birdwatching Club', '2019-09-01');
INSERT INTO club (club_id, club_name, club_creation_date) VALUES (9, 'Book Club', '2020-09-01');
INSERT INTO club (club_id, club_name, club_creation_date) VALUES (10, 'Business Club', '2020-09-01');
INSERT INTO club (club_id, club_name, club_creation_date) VALUES (11, 'Chemistry Society', '2020-09-01');
INSERT INTO club (club_id, club_name, club_creation_date) VALUES (12, 'Childerns Language of Science Society', '2020-09-01');
INSERT INTO club (club_id, club_name, club_creation_date) VALUES (13, 'Cinema Club', '2020-09-01');
INSERT INTO club (club_id, club_name, club_creation_date) VALUES (14, 'Classical Guitar Society', '2020-09-01');
INSERT INTO club (club_id, club_name, club_creation_date) VALUES (15, 'Computer Club', '2020-09-01');


-- Table: club_event


INSERT INTO club_event (club_event_id, club_event_name, club_event_start_date, club_event_end_date, club_id, class_id, project_leader_id, faculty_id) VALUES (1, 'ZERO TO ONE', '2020-01-01', '2020-01-04', 1, 'Z10', 1, 'CASE');
INSERT INTO club_event (club_event_id, club_event_name, club_event_start_date, club_event_end_date, club_id, class_id, project_leader_id, faculty_id) VALUES (2, 'INDEX', '2020-02-01', '2020-02-10', 2, 'Z20', 2, 'SOS');
INSERT INTO club_event (club_event_id, club_event_name, club_event_start_date, club_event_end_date, club_id, class_id, project_leader_id, faculty_id) VALUES (3, 'TEDX KOC', '2020-03-01', '2020-03-05', 3, 'Z30', 3, 'LAW');
INSERT INTO club_event (club_event_id, club_event_name, club_event_start_date, club_event_end_date, club_id, class_id, project_leader_id, faculty_id) VALUES (4, 'ONE TO TWO', '2020-04-01', '2020-04-08', 4, 'Z40', 4, 'MED');
INSERT INTO club_event (club_event_id, club_event_name, club_event_start_date, club_event_end_date, club_id, class_id, project_leader_id, faculty_id) VALUES (5, 'SPRING FEST', '2020-05-01', '2020-05-06', 5, 'Z50', 5, 'ENG');
INSERT INTO club_event (club_event_id, club_event_name, club_event_start_date, club_event_end_date, club_id, class_id, project_leader_id, faculty_id) VALUES (6, 'TALKS', '2020-06-01', '2020-06-09', 6, 'B10', 6, 'SCI');
INSERT INTO club_event (club_event_id, club_event_name, club_event_start_date, club_event_end_date, club_id, class_id, project_leader_id, faculty_id) VALUES (7, 'TEDY KOC', '2020-07-01', '2020-07-18', 7, 'B20', 7, 'SNA');
INSERT INTO club_event (club_event_id, club_event_name, club_event_start_date, club_event_end_date, club_id, class_id, project_leader_id, faculty_id) VALUES (8, 'CINEMA DAYS', '2020-08-01', '2020-08-09', 8, 'B30', 8, 'CASE');
INSERT INTO club_event (club_event_id, club_event_name, club_event_start_date, club_event_end_date, club_id, class_id, project_leader_id, faculty_id) VALUES (9, 'CHILDREN FEST', '2020-09-01', '2020-09-12', 9, 'B40', 9, 'SOS');
INSERT INTO club_event (club_event_id, club_event_name, club_event_start_date, club_event_end_date, club_id, class_id, project_leader_id, faculty_id) VALUES (10, 'AUTUMN FEST', '2020-10-01', '2020-10-16', 10, 'B50', 10, 'LAW');


-- Table: club_member


INSERT INTO club_member (member_id, role_id, student_id, committee_id, club_id) VALUES (1, 1, 1, 1, 1);
INSERT INTO club_member (member_id, role_id, student_id, committee_id, club_id) VALUES (2, 1, 2, 2, 2);
INSERT INTO club_member (member_id, role_id, student_id, committee_id, club_id) VALUES (3, 1, 3, 3, 3);
INSERT INTO club_member (member_id, role_id, student_id, committee_id, club_id) VALUES (4, 1, 4, 4, 4);
INSERT INTO club_member (member_id, role_id, student_id, committee_id, club_id) VALUES (5, 1, 5, 5, 5);
INSERT INTO club_member (member_id, role_id, student_id, committee_id, club_id) VALUES (6, 1, 6, 6, 6);
INSERT INTO club_member (member_id, role_id, student_id, committee_id, club_id) VALUES (7, 1, 7, 7, 7);
INSERT INTO club_member (member_id, role_id, student_id, committee_id, club_id) VALUES (8, 1, 8, 8, 8);
INSERT INTO club_member (member_id, role_id, student_id, committee_id, club_id) VALUES (9, 1, 9, 9, 9);
INSERT INTO club_member (member_id, role_id, student_id, committee_id, club_id) VALUES (10, 1, 10, 10, 10);
INSERT INTO club_member (member_id, role_id, student_id, committee_id, club_id) VALUES (11, 2, 11, 11, 1);
INSERT INTO club_member (member_id, role_id, student_id, committee_id, club_id) VALUES (12, 2, 12, 12, 2);
INSERT INTO club_member (member_id, role_id, student_id, committee_id, club_id) VALUES (13, 2, 13, 13, 3);
INSERT INTO club_member (member_id, role_id, student_id, committee_id, club_id) VALUES (14, 2, 14, 14, 4);
INSERT INTO club_member (member_id, role_id, student_id, committee_id, club_id) VALUES (15, 2, 15, 15, 5);
INSERT INTO club_member (member_id, role_id, student_id, committee_id, club_id) VALUES (16, 2, 16, 16, 6);
INSERT INTO club_member (member_id, role_id, student_id, committee_id, club_id) VALUES (17, 2, 17, 17, 7);
INSERT INTO club_member (member_id, role_id, student_id, committee_id, club_id) VALUES (18, 2, 18, 18, 8);
INSERT INTO club_member (member_id, role_id, student_id, committee_id, club_id) VALUES (19, 2, 19, 19, 9);
INSERT INTO club_member (member_id, role_id, student_id, committee_id, club_id) VALUES (20, 2, 20, 20, 10);
INSERT INTO club_member (member_id, role_id, student_id, committee_id, club_id) VALUES (21, 2, 21, 21, 11);
INSERT INTO club_member (member_id, role_id, student_id, committee_id, club_id) VALUES (22, 2, 22, 22, 12);
INSERT INTO club_member (member_id, role_id, student_id, committee_id, club_id) VALUES (23, 2, 23, 23, 13);
INSERT INTO club_member (member_id, role_id, student_id, committee_id, club_id) VALUES (24, 2, 24, 24, 14);
INSERT INTO club_member (member_id, role_id, student_id, committee_id, club_id) VALUES (25, 2, 25, 25, 15);
INSERT INTO club_member (member_id, role_id, student_id, committee_id, club_id) VALUES (26, 0, 26, 26, 1);
INSERT INTO club_member (member_id, role_id, student_id, committee_id, club_id) VALUES (27, 0, 27, 27, 2);
INSERT INTO club_member (member_id, role_id, student_id, committee_id, club_id) VALUES (28, 0, 28, 28, 3);


-- Table: club_member_role


INSERT INTO club_member_role (role_id, role_name) VALUES (0, 'Ordinary');
INSERT INTO club_member_role (role_id, role_name) VALUES (1, 'Project Leader');
INSERT INTO club_member_role (role_id, role_name) VALUES (2, 'President');


-- Table: committee


INSERT INTO committee (committee_id, committee_name, club_id) VALUES (1, 'Planning', 1);
INSERT INTO committee (committee_id, committee_name, club_id) VALUES (2, 'Marketing', 1);
INSERT INTO committee (committee_id, committee_name, club_id) VALUES (3, 'Sponsorship', 1);
INSERT INTO committee (committee_id, committee_name, club_id) VALUES (4, 'Planning', 2);
INSERT INTO committee (committee_id, committee_name, club_id) VALUES (5, 'Marketing', 2);
INSERT INTO committee (committee_id, committee_name, club_id) VALUES (6, 'Sponsorship', 2);
INSERT INTO committee (committee_id, committee_name, club_id) VALUES (7, 'Planning', 3);
INSERT INTO committee (committee_id, committee_name, club_id) VALUES (8, 'Marketing', 3);
INSERT INTO committee (committee_id, committee_name, club_id) VALUES (9, 'Sponsorship', 3);
INSERT INTO committee (committee_id, committee_name, club_id) VALUES (10, 'Planning', 4);
INSERT INTO committee (committee_id, committee_name, club_id) VALUES (11, 'Marketing', 4);
INSERT INTO committee (committee_id, committee_name, club_id) VALUES (12, 'Sponsorship', 4);
INSERT INTO committee (committee_id, committee_name, club_id) VALUES (13, 'Planning', 5);
INSERT INTO committee (committee_id, committee_name, club_id) VALUES (14, 'Marketing', 5);
INSERT INTO committee (committee_id, committee_name, club_id) VALUES (15, 'Sponsorship', 5);
INSERT INTO committee (committee_id, committee_name, club_id) VALUES (16, 'Planning', 6);
INSERT INTO committee (committee_id, committee_name, club_id) VALUES (17, 'Marketing', 6);
INSERT INTO committee (committee_id, committee_name, club_id) VALUES (18, 'Sponsorship', 6);
INSERT INTO committee (committee_id, committee_name, club_id) VALUES (19, 'Planning', 7);
INSERT INTO committee (committee_id, committee_name, club_id) VALUES (20, 'Marketing', 7);
INSERT INTO committee (committee_id, committee_name, club_id) VALUES (21, 'Sponsorship', 7);
INSERT INTO committee (committee_id, committee_name, club_id) VALUES (22, 'Planning', 8);
INSERT INTO committee (committee_id, committee_name, club_id) VALUES (23, 'Marketing', 8);
INSERT INTO committee (committee_id, committee_name, club_id) VALUES (24, 'Sponsorship', 8);
INSERT INTO committee (committee_id, committee_name, club_id) VALUES (25, 'Planning', 9);
INSERT INTO committee (committee_id, committee_name, club_id) VALUES (26, 'Marketing', 9);
INSERT INTO committee (committee_id, committee_name, club_id) VALUES (27, 'Sponsorship', 9);
INSERT INTO committee (committee_id, committee_name, club_id) VALUES (28, 'Planning', 10);
INSERT INTO committee (committee_id, committee_name, club_id) VALUES (29, 'Marketing', 10);
INSERT INTO committee (committee_id, committee_name, club_id) VALUES (30, 'Sponsorship', 10);
INSERT INTO committee (committee_id, committee_name, club_id) VALUES (31, 'Planning', 11);
INSERT INTO committee (committee_id, committee_name, club_id) VALUES (32, 'Marketing', 11);
INSERT INTO committee (committee_id, committee_name, club_id) VALUES (33, 'Sponsorship', 11);
INSERT INTO committee (committee_id, committee_name, club_id) VALUES (34, 'Planning', 12);
INSERT INTO committee (committee_id, committee_name, club_id) VALUES (35, 'Marketing', 12);
INSERT INTO committee (committee_id, committee_name, club_id) VALUES (36, 'Sponsorship', 12);
INSERT INTO committee (committee_id, committee_name, club_id) VALUES (37, 'Planning', 13);
INSERT INTO committee (committee_id, committee_name, club_id) VALUES (38, 'Marketing', 13);
INSERT INTO committee (committee_id, committee_name, club_id) VALUES (39, 'Sponsorship', 13);
INSERT INTO committee (committee_id, committee_name, club_id) VALUES (40, 'Planning', 14);
INSERT INTO committee (committee_id, committee_name, club_id) VALUES (41, 'Marketing', 14);
INSERT INTO committee (committee_id, committee_name, club_id) VALUES (42, 'Sponsorship', 14);
INSERT INTO committee (committee_id, committee_name, club_id) VALUES (43, 'Planning', 15);
INSERT INTO committee (committee_id, committee_name, club_id) VALUES (44, 'Marketing', 15);
INSERT INTO committee (committee_id, committee_name, club_id) VALUES (45, 'Sponsorship', 15);


-- Table: faculty


INSERT INTO faculty (faculty_id, faculty_name) VALUES ('CASE', 'College of Administrative Sciences and Economics');
INSERT INTO faculty (faculty_id, faculty_name) VALUES ('SOS', 'College of Social Sciences and Humanities');
INSERT INTO faculty (faculty_id, faculty_name) VALUES ('LAW', 'Law School');
INSERT INTO faculty (faculty_id, faculty_name) VALUES ('MED', 'School of Medicine');
INSERT INTO faculty (faculty_id, faculty_name) VALUES ('ENG', 'Rahmi M. Koç College of Engineering');
INSERT INTO faculty (faculty_id, faculty_name) VALUES ('SCI', 'College of Sciences');
INSERT INTO faculty (faculty_id, faculty_name) VALUES ('SNA', 'Semahat - Dr. Nusret Arsel Science and Technology Building');


-- Table: sponsor


INSERT INTO sponsor (sponsor_name, sponsor_contact_number, sponsor_email) VALUES ('INDEX GROUP', 5418303471, 'indexgroup@indexgroup.com');
INSERT INTO sponsor (sponsor_name, sponsor_contact_number, sponsor_email) VALUES ('ARCELIK', 5420313471, 'arcelik@arcelik.com');
INSERT INTO sponsor (sponsor_name, sponsor_contact_number, sponsor_email) VALUES ('KOC', 5431323471, 'koc@koc.com');
INSERT INTO sponsor (sponsor_name, sponsor_contact_number, sponsor_email) VALUES ('REDBULL', 5442333471, 'redbull@redbull.com');
INSERT INTO sponsor (sponsor_name, sponsor_contact_number, sponsor_email) VALUES ('COCA COLA', 5513343471, 'cocacola@cocacola.com');
INSERT INTO sponsor (sponsor_name, sponsor_contact_number, sponsor_email) VALUES ('IS BANKASI', 5524353471, 'isbankasi@isbankasi.com');
INSERT INTO sponsor (sponsor_name, sponsor_contact_number, sponsor_email) VALUES ('HALK BANKASI', 5535363471, 'halkbankasi@halkbankasi.com');
INSERT INTO sponsor (sponsor_name, sponsor_contact_number, sponsor_email) VALUES ('OTOKAR', 5546373471, 'otokar@otokar.com');
INSERT INTO sponsor (sponsor_name, sponsor_contact_number, sponsor_email) VALUES ('APPLE', 5317383471, 'apple@apple.com');
INSERT INTO sponsor (sponsor_name, sponsor_contact_number, sponsor_email) VALUES ('SAMSUNG', 5328393471, 'samsung@samsung.com');
INSERT INTO sponsor (sponsor_name, sponsor_contact_number, sponsor_email) VALUES ('MONSTER', 5338313471, 'monster@monster.com');
INSERT INTO sponsor (sponsor_name, sponsor_contact_number, sponsor_email) VALUES ('DELL', 5348323471, 'dell@dell.com');
INSERT INTO sponsor (sponsor_name, sponsor_contact_number, sponsor_email) VALUES ('LENOVA', 5319333471, 'lenova@lenova.com');
INSERT INTO sponsor (sponsor_name, sponsor_contact_number, sponsor_email) VALUES ('XIAOMI', 5317343471, 'xiaomi@xiaomi.com');
INSERT INTO sponsor (sponsor_name, sponsor_contact_number, sponsor_email) VALUES ('HUAWEI', 5316353471, 'huawei@huawei.com');


-- Table: sponsorship


INSERT INTO sponsorship (committee_id, donation_amount, sponsor_name) VALUES (1, 11000, 'INDEX GROUP');
INSERT INTO sponsorship (committee_id, donation_amount, sponsor_name) VALUES (2, 3000, 'ARCELIK');
INSERT INTO sponsorship (committee_id, donation_amount, sponsor_name) VALUES (3, 20000, 'KOC');
INSERT INTO sponsorship (committee_id, donation_amount, sponsor_name) VALUES (4, 15000, 'REDBULL');
INSERT INTO sponsorship (committee_id, donation_amount, sponsor_name) VALUES (5, 16000, 'COCA COLA');
INSERT INTO sponsorship (committee_id, donation_amount, sponsor_name) VALUES (6, 15000, 'IS BANKASI');
INSERT INTO sponsorship (committee_id, donation_amount, sponsor_name) VALUES (7, 6000, 'HALK BANKASI');
INSERT INTO sponsorship (committee_id, donation_amount, sponsor_name) VALUES (8, 15000, 'OTOKAR');
INSERT INTO sponsorship (committee_id, donation_amount, sponsor_name) VALUES (9, 13000, 'APPLE');
INSERT INTO sponsorship (committee_id, donation_amount, sponsor_name) VALUES (10, 11000, 'SAMSUNG');
INSERT INTO sponsorship (committee_id, donation_amount, sponsor_name) VALUES (11, 20000, 'MONSTER');
INSERT INTO sponsorship (committee_id, donation_amount, sponsor_name) VALUES (12, 10000, 'DELL');
INSERT INTO sponsorship (committee_id, donation_amount, sponsor_name) VALUES (13, 16000, 'LENOVA');
INSERT INTO sponsorship (committee_id, donation_amount, sponsor_name) VALUES (14, 16000, 'XIAOMI');
INSERT INTO sponsorship (committee_id, donation_amount, sponsor_name) VALUES (15, 10000, 'HUAWEI');
INSERT INTO sponsorship (committee_id, donation_amount, sponsor_name) VALUES (16, 14000, 'INDEX GROUP');
INSERT INTO sponsorship (committee_id, donation_amount, sponsor_name) VALUES (17, 5000, 'ARCELIK');
INSERT INTO sponsorship (committee_id, donation_amount, sponsor_name) VALUES (18, 13000, 'KOC');
INSERT INTO sponsorship (committee_id, donation_amount, sponsor_name) VALUES (19, 19000, 'REDBULL');
INSERT INTO sponsorship (committee_id, donation_amount, sponsor_name) VALUES (20, 7000, 'COCA COLA');
INSERT INTO sponsorship (committee_id, donation_amount, sponsor_name) VALUES (21, 18000, 'IS BANKASI');
INSERT INTO sponsorship (committee_id, donation_amount, sponsor_name) VALUES (22, 6000, 'HALK BANKASI');
INSERT INTO sponsorship (committee_id, donation_amount, sponsor_name) VALUES (23, 13000, 'OTOKAR');
INSERT INTO sponsorship (committee_id, donation_amount, sponsor_name) VALUES (24, 7000, 'APPLE');
INSERT INTO sponsorship (committee_id, donation_amount, sponsor_name) VALUES (25, 15000, 'SAMSUNG');
INSERT INTO sponsorship (committee_id, donation_amount, sponsor_name) VALUES (26, 12000, 'MONSTER');
INSERT INTO sponsorship (committee_id, donation_amount, sponsor_name) VALUES (27, 1000, 'DELL');
INSERT INTO sponsorship (committee_id, donation_amount, sponsor_name) VALUES (28, 7000, 'LENOVA');
INSERT INTO sponsorship (committee_id, donation_amount, sponsor_name) VALUES (29, 1000, 'XIAOMI');
INSERT INTO sponsorship (committee_id, donation_amount, sponsor_name) VALUES (30, 18000, 'HUAWEI');
INSERT INTO sponsorship (committee_id, donation_amount, sponsor_name) VALUES (31, 19000, 'INDEX GROUP');
INSERT INTO sponsorship (committee_id, donation_amount, sponsor_name) VALUES (32, 4000, 'ARCELIK');
INSERT INTO sponsorship (committee_id, donation_amount, sponsor_name) VALUES (33, 5000, 'KOC');
INSERT INTO sponsorship (committee_id, donation_amount, sponsor_name) VALUES (34, 17000, 'REDBULL');
INSERT INTO sponsorship (committee_id, donation_amount, sponsor_name) VALUES (35, 19000, 'COCA COLA');
INSERT INTO sponsorship (committee_id, donation_amount, sponsor_name) VALUES (36, 12000, 'IS BANKASI');
INSERT INTO sponsorship (committee_id, donation_amount, sponsor_name) VALUES (37, 11000, 'HALK BANKASI');
INSERT INTO sponsorship (committee_id, donation_amount, sponsor_name) VALUES (38, 2000, 'OTOKAR');
INSERT INTO sponsorship (committee_id, donation_amount, sponsor_name) VALUES (39, 8000, 'APPLE');
INSERT INTO sponsorship (committee_id, donation_amount, sponsor_name) VALUES (40, 5000, 'SAMSUNG');


-- Table: student


INSERT INTO student (student_email, student_name, student_surname, student_id) VALUES ('ftamur@ku.edu.tr', 'Firat', 'Tamur', 1);
INSERT INTO student (student_email, student_name, student_surname, student_id) VALUES ('abasar@ku.edu.tr', 'Alp', 'Basar', 2);
INSERT INTO student (student_email, student_name, student_surname, student_id) VALUES ('hrennie@ku.edu.tr', 'Heather', 'Rennie', 3);
INSERT INTO student (student_email, student_name, student_surname, student_id) VALUES ('robson@ku.edu.tr', 'Lisa', 'Robson', 4);
INSERT INTO student (student_email, student_name, student_surname, student_id) VALUES ('kdonnelly@ku.edu.tr', 'Kailan', 'Donnelly', 5);
INSERT INTO student (student_email, student_name, student_surname, student_id) VALUES ('cschofield@ku.edu.tr', 'Carlton', 'Schofield', 6);
INSERT INTO student (student_email, student_name, student_surname, student_id) VALUES ('roryan@ku.edu.tr', 'Rumaysa', 'O''Ryan', 7);
INSERT INTO student (student_email, student_name, student_surname, student_id) VALUES ('pnorman@ku.edu.tr', 'Peggy', 'Norman', 8);
INSERT INTO student (student_email, student_name, student_surname, student_id) VALUES ('acrawford@ku.edu.tr', 'Abbie', 'Crawford', 9);
INSERT INTO student (student_email, student_name, student_surname, student_id) VALUES ('ipeterson@ku.edu.tr', 'Iga', 'Petersen', 10);
INSERT INTO student (student_email, student_name, student_surname, student_id) VALUES ('rmccaffrey@ku.edu.tr', 'Roxie', 'Mccaffrey', 11);
INSERT INTO student (student_email, student_name, student_surname, student_id) VALUES ('chouse@ku.edu.tr', 'Chiara', 'House', 12);
INSERT INTO student (student_email, student_name, student_surname, student_id) VALUES ('jhenry@ku.edu.tr', 'Jun', 'Henry', 13);
INSERT INTO student (student_email, student_name, student_surname, student_id) VALUES ('ylittle@ku.edu.tr', 'Yash', 'Little', 14);
INSERT INTO student (student_email, student_name, student_surname, student_id) VALUES ('scummings@ku.edu.tr', 'Sinead', 'Cummings', 15);
INSERT INTO student (student_email, student_name, student_surname, student_id) VALUES ('nkent@ku.edu.tr', 'Nyle', 'Kent', 16);
INSERT INTO student (student_email, student_name, student_surname, student_id) VALUES ('ksouthern@ku.edu.tr', 'Katharine', 'Southern', 17);
INSERT INTO student (student_email, student_name, student_surname, student_id) VALUES ('jfloyd@ku.edu.tr', 'Jasmine', 'Floyd', 18);
INSERT INTO student (student_email, student_name, student_surname, student_id) VALUES ('ldoyle@ku.edu.tr', 'Lola-Mae', 'Doyle', 19);
INSERT INTO student (student_email, student_name, student_surname, student_id) VALUES ('chood@ku.edu.tr', 'Chloe', 'Hood', 20);
INSERT INTO student (student_email, student_name, student_surname, student_id) VALUES ('sclay@ku.du.tr', 'Summer-Louise', 'Clay', 21);
INSERT INTO student (student_email, student_name, student_surname, student_id) VALUES ('hgaines@ku.edu.tr', 'Hamzah', 'Gaines', 22);
INSERT INTO student (student_email, student_name, student_surname, student_id) VALUES ('yrobin@ku.edu.tr', 'Yolanda', 'Robin', 23);
INSERT INTO student (student_email, student_name, student_surname, student_id) VALUES ('eosullian@ku.edu.tr', 'Eshaan', 'O''Sullivan', 24);
INSERT INTO student (student_email, student_name, student_surname, student_id) VALUES ('kshah@ku.edu.tr', 'Kavan', 'Shah', 25);
INSERT INTO student (student_email, student_name, student_surname, student_id) VALUES ('shiggins@ku.edu.tr', 'Suhail', 'Higgins', 26);
INSERT INTO student (student_email, student_name, student_surname, student_id) VALUES ('iashley@ku.edu.tr', 'Ignacy', 'Ashley', 27);
INSERT INTO student (student_email, student_name, student_surname, student_id) VALUES ('rmorrison@ku.edu.tr', 'Ravi', 'Morrison', 28);
INSERT INTO student (student_email, student_name, student_surname, student_id) VALUES ('efoley@ku.edu.tr', 'Ellesha', 'Foley', 29);
INSERT INTO student (student_email, student_name, student_surname, student_id) VALUES ('hatherhon@ku.edu.tr', 'Hamza', 'Atherton', 30);


-- Table: ticket


INSERT INTO ticket (ticket_id, participant_tc, event_id) VALUES (1, 79040637844, 1);
INSERT INTO ticket (ticket_id, participant_tc, event_id) VALUES (2, 40567924538, 2);
INSERT INTO ticket (ticket_id, participant_tc, event_id) VALUES (3, 89666359775, 3);
INSERT INTO ticket (ticket_id, participant_tc, event_id) VALUES (4, 41819878226, 4);
INSERT INTO ticket (ticket_id, participant_tc, event_id) VALUES (5, 80554411605, 5);
INSERT INTO ticket (ticket_id, participant_tc, event_id) VALUES (6, 11710341577, 6);
INSERT INTO ticket (ticket_id, participant_tc, event_id) VALUES (7, 70480907927, 7);
INSERT INTO ticket (ticket_id, participant_tc, event_id) VALUES (8, 31087434216, 8);
INSERT INTO ticket (ticket_id, participant_tc, event_id) VALUES (9, 26717343128, 9);
INSERT INTO ticket (ticket_id, participant_tc, event_id) VALUES (10, 93325999740, 10);
INSERT INTO ticket (ticket_id, participant_tc, event_id) VALUES (11, 75484986466, 1);
INSERT INTO ticket (ticket_id, participant_tc, event_id) VALUES (12, 92270871980, 2);
INSERT INTO ticket (ticket_id, participant_tc, event_id) VALUES (13, 82274501124, 3);
INSERT INTO ticket (ticket_id, participant_tc, event_id) VALUES (14, 39462863153, 4);
INSERT INTO ticket (ticket_id, participant_tc, event_id) VALUES (15, 77090424477, 5);
INSERT INTO ticket (ticket_id, participant_tc, event_id) VALUES (16, 32087788957, 6);
INSERT INTO ticket (ticket_id, participant_tc, event_id) VALUES (17, 73112423661, 7);
INSERT INTO ticket (ticket_id, participant_tc, event_id) VALUES (18, 37275043273, 8);
INSERT INTO ticket (ticket_id, participant_tc, event_id) VALUES (19, 20858268259, 9);
INSERT INTO ticket (ticket_id, participant_tc, event_id) VALUES (20, 65864513248, 10);
INSERT INTO ticket (ticket_id, participant_tc, event_id) VALUES (21, 63380317777, 1);
INSERT INTO ticket (ticket_id, participant_tc, event_id) VALUES (22, 90062078263, 2);
INSERT INTO ticket (ticket_id, participant_tc, event_id) VALUES (23, 36633052254, 3);
INSERT INTO ticket (ticket_id, participant_tc, event_id) VALUES (24, 60447592292, 4);
INSERT INTO ticket (ticket_id, participant_tc, event_id) VALUES (25, 22608240854, 5);
INSERT INTO ticket (ticket_id, participant_tc, event_id) VALUES (26, 88737865288, 6);
INSERT INTO ticket (ticket_id, participant_tc, event_id) VALUES (27, 32446318986, 7);
INSERT INTO ticket (ticket_id, participant_tc, event_id) VALUES (28, 46005918196, 8);
INSERT INTO ticket (ticket_id, participant_tc, event_id) VALUES (29, 61076050962, 9);
INSERT INTO ticket (ticket_id, participant_tc, event_id) VALUES (30, 16337663990, 10);
INSERT INTO ticket (ticket_id, participant_tc, event_id) VALUES (31, 25768099755, 1);
INSERT INTO ticket (ticket_id, participant_tc, event_id) VALUES (32, 95615120316, 2);
INSERT INTO ticket (ticket_id, participant_tc, event_id) VALUES (33, 99274156866, 3);
INSERT INTO ticket (ticket_id, participant_tc, event_id) VALUES (34, 56517126068, 4);
INSERT INTO ticket (ticket_id, participant_tc, event_id) VALUES (35, 88239170918, 5);
INSERT INTO ticket (ticket_id, participant_tc, event_id) VALUES (36, 96441648131, 6);
INSERT INTO ticket (ticket_id, participant_tc, event_id) VALUES (37, 54039088108, 7);
INSERT INTO ticket (ticket_id, participant_tc, event_id) VALUES (38, 80286337316, 8);
INSERT INTO ticket (ticket_id, participant_tc, event_id) VALUES (39, 12553351058, 9);
INSERT INTO ticket (ticket_id, participant_tc, event_id) VALUES (40, 82196964603, 10);
INSERT INTO ticket (ticket_id, participant_tc, event_id) VALUES (41, 29559793948, 1);
INSERT INTO ticket (ticket_id, participant_tc, event_id) VALUES (42, 51111921784, 2);
INSERT INTO ticket (ticket_id, participant_tc, event_id) VALUES (43, 95409220503, 3);
INSERT INTO ticket (ticket_id, participant_tc, event_id) VALUES (44, 49863878822, 4);
INSERT INTO ticket (ticket_id, participant_tc, event_id) VALUES (45, 78304477039, 5);
INSERT INTO ticket (ticket_id, participant_tc, event_id) VALUES (46, 63225735350, 6);
INSERT INTO ticket (ticket_id, participant_tc, event_id) VALUES (47, 83845077651, 7);
INSERT INTO ticket (ticket_id, participant_tc, event_id) VALUES (48, 10327656399, 8);
INSERT INTO ticket (ticket_id, participant_tc, event_id) VALUES (49, 78615278616, 9);
INSERT INTO ticket (ticket_id, participant_tc, event_id) VALUES (50, 34140444872, 10);
INSERT INTO ticket (ticket_id, participant_tc, event_id) VALUES (51, 61989720948, 1);
INSERT INTO ticket (ticket_id, participant_tc, event_id) VALUES (52, 95156654930, 2);
INSERT INTO ticket (ticket_id, participant_tc, event_id) VALUES (53, 24952923496, 3);
INSERT INTO ticket (ticket_id, participant_tc, event_id) VALUES (54, 84415493113, 4);
INSERT INTO ticket (ticket_id, participant_tc, event_id) VALUES (55, 23191711795, 5);
INSERT INTO ticket (ticket_id, participant_tc, event_id) VALUES (56, 94089600374, 6);
INSERT INTO ticket (ticket_id, participant_tc, event_id) VALUES (57, 44261738724, 7);
INSERT INTO ticket (ticket_id, participant_tc, event_id) VALUES (58, 20430032001, 8);
INSERT INTO ticket (ticket_id, participant_tc, event_id) VALUES (59, 49629770915, 9);
INSERT INTO ticket (ticket_id, participant_tc, event_id) VALUES (60, 43208974095, 10);
INSERT INTO ticket (ticket_id, participant_tc, event_id) VALUES (61, 12487290713, 1);
INSERT INTO ticket (ticket_id, participant_tc, event_id) VALUES (62, 59430381025, 2);
INSERT INTO ticket (ticket_id, participant_tc, event_id) VALUES (63, 70580859193, 3);
INSERT INTO ticket (ticket_id, participant_tc, event_id) VALUES (64, 78159954837, 4);
INSERT INTO ticket (ticket_id, participant_tc, event_id) VALUES (65, 28080681021, 5);
INSERT INTO ticket (ticket_id, participant_tc, event_id) VALUES (66, 19230731437, 6);
INSERT INTO ticket (ticket_id, participant_tc, event_id) VALUES (67, 28286263117, 7);
INSERT INTO ticket (ticket_id, participant_tc, event_id) VALUES (68, 26453801051, 8);
INSERT INTO ticket (ticket_id, participant_tc, event_id) VALUES (69, 68188493416, 9);
INSERT INTO ticket (ticket_id, participant_tc, event_id) VALUES (70, 29062322050, 10);
INSERT INTO ticket (ticket_id, participant_tc, event_id) VALUES (71, 38183216267, 1);
INSERT INTO ticket (ticket_id, participant_tc, event_id) VALUES (72, 50621064348, 2);
INSERT INTO ticket (ticket_id, participant_tc, event_id) VALUES (73, 66176040920, 3);
INSERT INTO ticket (ticket_id, participant_tc, event_id) VALUES (74, 51377737609, 4);
INSERT INTO ticket (ticket_id, participant_tc, event_id) VALUES (75, 19183205749, 5);
INSERT INTO ticket (ticket_id, participant_tc, event_id) VALUES (76, 55149443691, 6);
INSERT INTO ticket (ticket_id, participant_tc, event_id) VALUES (77, 35895441050, 7);
INSERT INTO ticket (ticket_id, participant_tc, event_id) VALUES (78, 90714882138, 8);
INSERT INTO ticket (ticket_id, participant_tc, event_id) VALUES (79, 58232686400, 9);
INSERT INTO ticket (ticket_id, participant_tc, event_id) VALUES (80, 25905777883, 10);
INSERT INTO ticket (ticket_id, participant_tc, event_id) VALUES (81, 27755150594, 1);
INSERT INTO ticket (ticket_id, participant_tc, event_id) VALUES (82, 90348955043, 2);
INSERT INTO ticket (ticket_id, participant_tc, event_id) VALUES (83, 39493015687, 3);
INSERT INTO ticket (ticket_id, participant_tc, event_id) VALUES (84, 50908727676, 4);
INSERT INTO ticket (ticket_id, participant_tc, event_id) VALUES (85, 84290548502, 5);
INSERT INTO ticket (ticket_id, participant_tc, event_id) VALUES (86, 58628726371, 6);
INSERT INTO ticket (ticket_id, participant_tc, event_id) VALUES (87, 49854942038, 7);
INSERT INTO ticket (ticket_id, participant_tc, event_id) VALUES (88, 48752342624, 8);
INSERT INTO ticket (ticket_id, participant_tc, event_id) VALUES (89, 30255781040, 9);
INSERT INTO ticket (ticket_id, participant_tc, event_id) VALUES (90, 67415742847, 10);
INSERT INTO ticket (ticket_id, participant_tc, event_id) VALUES (91, 56629046247, 1);
INSERT INTO ticket (ticket_id, participant_tc, event_id) VALUES (92, 96856575182, 2);
INSERT INTO ticket (ticket_id, participant_tc, event_id) VALUES (93, 14318165830, 3);
INSERT INTO ticket (ticket_id, participant_tc, event_id) VALUES (94, 76778678574, 4);
INSERT INTO ticket (ticket_id, participant_tc, event_id) VALUES (95, 61955919832, 5);
INSERT INTO ticket (ticket_id, participant_tc, event_id) VALUES (96, 63206969307, 6);
INSERT INTO ticket (ticket_id, participant_tc, event_id) VALUES (97, 15297335820, 7);
INSERT INTO ticket (ticket_id, participant_tc, event_id) VALUES (98, 69356843937, 8);
INSERT INTO ticket (ticket_id, participant_tc, event_id) VALUES (99, 49821179746, 9);
INSERT INTO ticket (ticket_id, participant_tc, event_id) VALUES (100, 63874783780, 10);
INSERT INTO ticket (ticket_id, participant_tc, event_id) VALUES (101, 99156183410, 1);
INSERT INTO ticket (ticket_id, participant_tc, event_id) VALUES (102, 48447059227, 2);
INSERT INTO ticket (ticket_id, participant_tc, event_id) VALUES (103, 44836928820, 3);
INSERT INTO ticket (ticket_id, participant_tc, event_id) VALUES (104, 51592037824, 4);
INSERT INTO ticket (ticket_id, participant_tc, event_id) VALUES (105, 72511758676, 5);
INSERT INTO ticket (ticket_id, participant_tc, event_id) VALUES (106, 83181899095, 6);
INSERT INTO ticket (ticket_id, participant_tc, event_id) VALUES (107, 56300550913, 7);
INSERT INTO ticket (ticket_id, participant_tc, event_id) VALUES (108, 55672086923, 8);
INSERT INTO ticket (ticket_id, participant_tc, event_id) VALUES (109, 47313573019, 9);
INSERT INTO ticket (ticket_id, participant_tc, event_id) VALUES (110, 54597114836, 10);
INSERT INTO ticket (ticket_id, participant_tc, event_id) VALUES (111, 74723255765, 1);
INSERT INTO ticket (ticket_id, participant_tc, event_id) VALUES (112, 51848083151, 2);
INSERT INTO ticket (ticket_id, participant_tc, event_id) VALUES (113, 65639704748, 3);
INSERT INTO ticket (ticket_id, participant_tc, event_id) VALUES (114, 84409841563, 4);
INSERT INTO ticket (ticket_id, participant_tc, event_id) VALUES (115, 93114409455, 5);
INSERT INTO ticket (ticket_id, participant_tc, event_id) VALUES (116, 22045747029, 6);
INSERT INTO ticket (ticket_id, participant_tc, event_id) VALUES (117, 34446587144, 7);
INSERT INTO ticket (ticket_id, participant_tc, event_id) VALUES (118, 64561794322, 8);
INSERT INTO ticket (ticket_id, participant_tc, event_id) VALUES (119, 11146229557, 9);
INSERT INTO ticket (ticket_id, participant_tc, event_id) VALUES (120, 49069928430, 10);
INSERT INTO ticket (ticket_id, participant_tc, event_id) VALUES (121, 61766769921, 1);
INSERT INTO ticket (ticket_id, participant_tc, event_id) VALUES (122, 96229909429, 2);
INSERT INTO ticket (ticket_id, participant_tc, event_id) VALUES (123, 27377765878, 3);
INSERT INTO ticket (ticket_id, participant_tc, event_id) VALUES (124, 30911007780, 4);
INSERT INTO ticket (ticket_id, participant_tc, event_id) VALUES (125, 97267412791, 5);
INSERT INTO ticket (ticket_id, participant_tc, event_id) VALUES (126, 56718914638, 6);
INSERT INTO ticket (ticket_id, participant_tc, event_id) VALUES (127, 45044725556, 7);
INSERT INTO ticket (ticket_id, participant_tc, event_id) VALUES (128, 27768267437, 8);
INSERT INTO ticket (ticket_id, participant_tc, event_id) VALUES (129, 51295686618, 9);
INSERT INTO ticket (ticket_id, participant_tc, event_id) VALUES (130, 19326699361, 10);
INSERT INTO ticket (ticket_id, participant_tc, event_id) VALUES (131, 80383153029, 1);
INSERT INTO ticket (ticket_id, participant_tc, event_id) VALUES (132, 37035035239, 2);
INSERT INTO ticket (ticket_id, participant_tc, event_id) VALUES (133, 12038869366, 3);
INSERT INTO ticket (ticket_id, participant_tc, event_id) VALUES (134, 55643441113, 4);
INSERT INTO ticket (ticket_id, participant_tc, event_id) VALUES (135, 45639748397, 5);
INSERT INTO ticket (ticket_id, participant_tc, event_id) VALUES (136, 24330369584, 6);
INSERT INTO ticket (ticket_id, participant_tc, event_id) VALUES (137, 83668549407, 7);
INSERT INTO ticket (ticket_id, participant_tc, event_id) VALUES (138, 97823917509, 8);
INSERT INTO ticket (ticket_id, participant_tc, event_id) VALUES (139, 34504372887, 9);
INSERT INTO ticket (ticket_id, participant_tc, event_id) VALUES (140, 73823326234, 10);
INSERT INTO ticket (ticket_id, participant_tc, event_id) VALUES (141, 15634809694, 1);
INSERT INTO ticket (ticket_id, participant_tc, event_id) VALUES (142, 76862073472, 2);
INSERT INTO ticket (ticket_id, participant_tc, event_id) VALUES (143, 60399280523, 3);
INSERT INTO ticket (ticket_id, participant_tc, event_id) VALUES (144, 67976966201, 4);
INSERT INTO ticket (ticket_id, participant_tc, event_id) VALUES (145, 15787328540, 5);
INSERT INTO ticket (ticket_id, participant_tc, event_id) VALUES (146, 99629896467, 6);
INSERT INTO ticket (ticket_id, participant_tc, event_id) VALUES (147, 99829975814, 7);
INSERT INTO ticket (ticket_id, participant_tc, event_id) VALUES (148, 92509838434, 8);
INSERT INTO ticket (ticket_id, participant_tc, event_id) VALUES (149, 66045796000, 9);
INSERT INTO ticket (ticket_id, participant_tc, event_id) VALUES (150, 68168625387, 10);
INSERT INTO ticket (ticket_id, participant_tc, event_id) VALUES (151, 72422509828, 1);
INSERT INTO ticket (ticket_id, participant_tc, event_id) VALUES (152, 27643084205, 2);
INSERT INTO ticket (ticket_id, participant_tc, event_id) VALUES (153, 47731875234, 3);
INSERT INTO ticket (ticket_id, participant_tc, event_id) VALUES (154, 98175500235, 4);
INSERT INTO ticket (ticket_id, participant_tc, event_id) VALUES (155, 51232580904, 5);
INSERT INTO ticket (ticket_id, participant_tc, event_id) VALUES (156, 80992845549, 6);
INSERT INTO ticket (ticket_id, participant_tc, event_id) VALUES (157, 95906429971, 7);
INSERT INTO ticket (ticket_id, participant_tc, event_id) VALUES (158, 63023805267, 8);
INSERT INTO ticket (ticket_id, participant_tc, event_id) VALUES (159, 99102018374, 9);
INSERT INTO ticket (ticket_id, participant_tc, event_id) VALUES (160, 71169469782, 10);
INSERT INTO ticket (ticket_id, participant_tc, event_id) VALUES (161, 56103118326, 1);
INSERT INTO ticket (ticket_id, participant_tc, event_id) VALUES (162, 90221312056, 2);
INSERT INTO ticket (ticket_id, participant_tc, event_id) VALUES (163, 70467085625, 3);
INSERT INTO ticket (ticket_id, participant_tc, event_id) VALUES (164, 16478250168, 4);
INSERT INTO ticket (ticket_id, participant_tc, event_id) VALUES (165, 60483474669, 5);
INSERT INTO ticket (ticket_id, participant_tc, event_id) VALUES (166, 76613436004, 6);
INSERT INTO ticket (ticket_id, participant_tc, event_id) VALUES (167, 76750034759, 7);
INSERT INTO ticket (ticket_id, participant_tc, event_id) VALUES (168, 30769132140, 8);
INSERT INTO ticket (ticket_id, participant_tc, event_id) VALUES (169, 84116250605, 9);
INSERT INTO ticket (ticket_id, participant_tc, event_id) VALUES (170, 76577146107, 10);
INSERT INTO ticket (ticket_id, participant_tc, event_id) VALUES (171, 63729386000, 1);
INSERT INTO ticket (ticket_id, participant_tc, event_id) VALUES (172, 74818339506, 2);
INSERT INTO ticket (ticket_id, participant_tc, event_id) VALUES (173, 92712569933, 3);
INSERT INTO ticket (ticket_id, participant_tc, event_id) VALUES (174, 60896789306, 4);
INSERT INTO ticket (ticket_id, participant_tc, event_id) VALUES (175, 23777007666, 5);
INSERT INTO ticket (ticket_id, participant_tc, event_id) VALUES (176, 29941975447, 6);
INSERT INTO ticket (ticket_id, participant_tc, event_id) VALUES (177, 31277126541, 7);
INSERT INTO ticket (ticket_id, participant_tc, event_id) VALUES (178, 73322802894, 8);
INSERT INTO ticket (ticket_id, participant_tc, event_id) VALUES (179, 74129372071, 9);
INSERT INTO ticket (ticket_id, participant_tc, event_id) VALUES (180, 31063577378, 10);
INSERT INTO ticket (ticket_id, participant_tc, event_id) VALUES (181, 27653748527, 1);
INSERT INTO ticket (ticket_id, participant_tc, event_id) VALUES (182, 26705920755, 2);
INSERT INTO ticket (ticket_id, participant_tc, event_id) VALUES (183, 53938086303, 3);
INSERT INTO ticket (ticket_id, participant_tc, event_id) VALUES (184, 52460580422, 4);
INSERT INTO ticket (ticket_id, participant_tc, event_id) VALUES (185, 71403467548, 5);
INSERT INTO ticket (ticket_id, participant_tc, event_id) VALUES (186, 60632030108, 6);
INSERT INTO ticket (ticket_id, participant_tc, event_id) VALUES (187, 74805404635, 7);
INSERT INTO ticket (ticket_id, participant_tc, event_id) VALUES (188, 44437524929, 8);
INSERT INTO ticket (ticket_id, participant_tc, event_id) VALUES (189, 71100278129, 9);
INSERT INTO ticket (ticket_id, participant_tc, event_id) VALUES (190, 40762749056, 10);
INSERT INTO ticket (ticket_id, participant_tc, event_id) VALUES (191, 50817039318, 1);
INSERT INTO ticket (ticket_id, participant_tc, event_id) VALUES (192, 93447052568, 2);
INSERT INTO ticket (ticket_id, participant_tc, event_id) VALUES (193, 46235191933, 3);
INSERT INTO ticket (ticket_id, participant_tc, event_id) VALUES (194, 95363025995, 4);
INSERT INTO ticket (ticket_id, participant_tc, event_id) VALUES (195, 55971536698, 5);
INSERT INTO ticket (ticket_id, participant_tc, event_id) VALUES (196, 53144914886, 6);
INSERT INTO ticket (ticket_id, participant_tc, event_id) VALUES (197, 73953366053, 7);
INSERT INTO ticket (ticket_id, participant_tc, event_id) VALUES (198, 43129006901, 8);
INSERT INTO ticket (ticket_id, participant_tc, event_id) VALUES (199, 18628645074, 9);
INSERT INTO ticket (ticket_id, participant_tc, event_id) VALUES (200, 51873702872, 10);
INSERT INTO ticket (ticket_id, participant_tc, event_id) VALUES (201, 49745693558, 1);
INSERT INTO ticket (ticket_id, participant_tc, event_id) VALUES (202, 64812880021, 2);
INSERT INTO ticket (ticket_id, participant_tc, event_id) VALUES (203, 19964713626, 3);
INSERT INTO ticket (ticket_id, participant_tc, event_id) VALUES (204, 50649781712, 4);
INSERT INTO ticket (ticket_id, participant_tc, event_id) VALUES (205, 95386302988, 5);
INSERT INTO ticket (ticket_id, participant_tc, event_id) VALUES (206, 31317599566, 6);
INSERT INTO ticket (ticket_id, participant_tc, event_id) VALUES (207, 68116690716, 7);
INSERT INTO ticket (ticket_id, participant_tc, event_id) VALUES (208, 83761609587, 8);
INSERT INTO ticket (ticket_id, participant_tc, event_id) VALUES (209, 54405348913, 9);
INSERT INTO ticket (ticket_id, participant_tc, event_id) VALUES (210, 90124080970, 10);
INSERT INTO ticket (ticket_id, participant_tc, event_id) VALUES (211, 74566238696, 1);
INSERT INTO ticket (ticket_id, participant_tc, event_id) VALUES (212, 97248833464, 2);
INSERT INTO ticket (ticket_id, participant_tc, event_id) VALUES (213, 16151377739, 3);
INSERT INTO ticket (ticket_id, participant_tc, event_id) VALUES (214, 90451890052, 4);
INSERT INTO ticket (ticket_id, participant_tc, event_id) VALUES (215, 23426194518, 5);
INSERT INTO ticket (ticket_id, participant_tc, event_id) VALUES (216, 41864151956, 6);
INSERT INTO ticket (ticket_id, participant_tc, event_id) VALUES (217, 37052283698, 7);
INSERT INTO ticket (ticket_id, participant_tc, event_id) VALUES (218, 14591797516, 8);
INSERT INTO ticket (ticket_id, participant_tc, event_id) VALUES (219, 80568425398, 9);
INSERT INTO ticket (ticket_id, participant_tc, event_id) VALUES (220, 92628132601, 10);
INSERT INTO ticket (ticket_id, participant_tc, event_id) VALUES (221, 93681737080, 1);
INSERT INTO ticket (ticket_id, participant_tc, event_id) VALUES (222, 44822527956, 2);
INSERT INTO ticket (ticket_id, participant_tc, event_id) VALUES (223, 14125979456, 3);
INSERT INTO ticket (ticket_id, participant_tc, event_id) VALUES (224, 25994272512, 4);
INSERT INTO ticket (ticket_id, participant_tc, event_id) VALUES (225, 61381160604, 5);
INSERT INTO ticket (ticket_id, participant_tc, event_id) VALUES (226, 83283919900, 6);
INSERT INTO ticket (ticket_id, participant_tc, event_id) VALUES (227, 87874616086, 7);
INSERT INTO ticket (ticket_id, participant_tc, event_id) VALUES (228, 52035663054, 8);
INSERT INTO ticket (ticket_id, participant_tc, event_id) VALUES (229, 68809740047, 9);
INSERT INTO ticket (ticket_id, participant_tc, event_id) VALUES (230, 49149842679, 10);
INSERT INTO ticket (ticket_id, participant_tc, event_id) VALUES (231, 66451878704, 1);
INSERT INTO ticket (ticket_id, participant_tc, event_id) VALUES (232, 17080988631, 2);
INSERT INTO ticket (ticket_id, participant_tc, event_id) VALUES (233, 11534655472, 3);
INSERT INTO ticket (ticket_id, participant_tc, event_id) VALUES (234, 21888045718, 4);
INSERT INTO ticket (ticket_id, participant_tc, event_id) VALUES (235, 88449894809, 5);
INSERT INTO ticket (ticket_id, participant_tc, event_id) VALUES (236, 17405189704, 6);
INSERT INTO ticket (ticket_id, participant_tc, event_id) VALUES (237, 63900440740, 7);
INSERT INTO ticket (ticket_id, participant_tc, event_id) VALUES (238, 31223114393, 8);
INSERT INTO ticket (ticket_id, participant_tc, event_id) VALUES (239, 48498681334, 9);
INSERT INTO ticket (ticket_id, participant_tc, event_id) VALUES (240, 75319337680, 10);
INSERT INTO ticket (ticket_id, participant_tc, event_id) VALUES (241, 26299614171, 1);
INSERT INTO ticket (ticket_id, participant_tc, event_id) VALUES (242, 90039619712, 2);
INSERT INTO ticket (ticket_id, participant_tc, event_id) VALUES (243, 35150039383, 3);
INSERT INTO ticket (ticket_id, participant_tc, event_id) VALUES (244, 86915070182, 4);
INSERT INTO ticket (ticket_id, participant_tc, event_id) VALUES (245, 16000974421, 5);
INSERT INTO ticket (ticket_id, participant_tc, event_id) VALUES (246, 60293086481, 6);
INSERT INTO ticket (ticket_id, participant_tc, event_id) VALUES (247, 35286089965, 7);
INSERT INTO ticket (ticket_id, participant_tc, event_id) VALUES (248, 12163884825, 8);
INSERT INTO ticket (ticket_id, participant_tc, event_id) VALUES (249, 60390136341, 9);
INSERT INTO ticket (ticket_id, participant_tc, event_id) VALUES (250, 42418295891, 10);
INSERT INTO ticket (ticket_id, participant_tc, event_id) VALUES (251, 20744903019, 1);
INSERT INTO ticket (ticket_id, participant_tc, event_id) VALUES (252, 51239933713, 2);
INSERT INTO ticket (ticket_id, participant_tc, event_id) VALUES (253, 78959998899, 3);
INSERT INTO ticket (ticket_id, participant_tc, event_id) VALUES (254, 36256216620, 4);
INSERT INTO ticket (ticket_id, participant_tc, event_id) VALUES (255, 40257444613, 5);
INSERT INTO ticket (ticket_id, participant_tc, event_id) VALUES (256, 37696768464, 6);
INSERT INTO ticket (ticket_id, participant_tc, event_id) VALUES (257, 47554089538, 7);
INSERT INTO ticket (ticket_id, participant_tc, event_id) VALUES (258, 73340941848, 8);
INSERT INTO ticket (ticket_id, participant_tc, event_id) VALUES (259, 68669536474, 9);
INSERT INTO ticket (ticket_id, participant_tc, event_id) VALUES (260, 95015046993, 10);
INSERT INTO ticket (ticket_id, participant_tc, event_id) VALUES (261, 83228751789, 1);
INSERT INTO ticket (ticket_id, participant_tc, event_id) VALUES (262, 51944053398, 2);
INSERT INTO ticket (ticket_id, participant_tc, event_id) VALUES (263, 18708538906, 3);
INSERT INTO ticket (ticket_id, participant_tc, event_id) VALUES (264, 86465040943, 4);
INSERT INTO ticket (ticket_id, participant_tc, event_id) VALUES (265, 63345624282, 5);
INSERT INTO ticket (ticket_id, participant_tc, event_id) VALUES (266, 10314543740, 6);
INSERT INTO ticket (ticket_id, participant_tc, event_id) VALUES (267, 58262784324, 7);
INSERT INTO ticket (ticket_id, participant_tc, event_id) VALUES (268, 57868663680, 8);
INSERT INTO ticket (ticket_id, participant_tc, event_id) VALUES (269, 27058272788, 9);
INSERT INTO ticket (ticket_id, participant_tc, event_id) VALUES (270, 94676325376, 10);
INSERT INTO ticket (ticket_id, participant_tc, event_id) VALUES (271, 36122552357, 1);
INSERT INTO ticket (ticket_id, participant_tc, event_id) VALUES (272, 76062704959, 2);
INSERT INTO ticket (ticket_id, participant_tc, event_id) VALUES (273, 40478763904, 3);
INSERT INTO ticket (ticket_id, participant_tc, event_id) VALUES (274, 68856471856, 4);
INSERT INTO ticket (ticket_id, participant_tc, event_id) VALUES (275, 20203624752, 5);
INSERT INTO ticket (ticket_id, participant_tc, event_id) VALUES (276, 55705019799, 6);
INSERT INTO ticket (ticket_id, participant_tc, event_id) VALUES (277, 73298584109, 7);
INSERT INTO ticket (ticket_id, participant_tc, event_id) VALUES (278, 99872233213, 8);
INSERT INTO ticket (ticket_id, participant_tc, event_id) VALUES (279, 20009613965, 9);
INSERT INTO ticket (ticket_id, participant_tc, event_id) VALUES (280, 91877424962, 10);
INSERT INTO ticket (ticket_id, participant_tc, event_id) VALUES (281, 37334083763, 1);
INSERT INTO ticket (ticket_id, participant_tc, event_id) VALUES (282, 45006363378, 2);
INSERT INTO ticket (ticket_id, participant_tc, event_id) VALUES (283, 38947066166, 3);
INSERT INTO ticket (ticket_id, participant_tc, event_id) VALUES (284, 49818359669, 4);
INSERT INTO ticket (ticket_id, participant_tc, event_id) VALUES (285, 20365674852, 5);
INSERT INTO ticket (ticket_id, participant_tc, event_id) VALUES (286, 58492890853, 6);
INSERT INTO ticket (ticket_id, participant_tc, event_id) VALUES (287, 94997082013, 7);
INSERT INTO ticket (ticket_id, participant_tc, event_id) VALUES (288, 15593296728, 8);
INSERT INTO ticket (ticket_id, participant_tc, event_id) VALUES (289, 50429654924, 9);
INSERT INTO ticket (ticket_id, participant_tc, event_id) VALUES (290, 54639524466, 10);
INSERT INTO ticket (ticket_id, participant_tc, event_id) VALUES (291, 56349746464, 1);
INSERT INTO ticket (ticket_id, participant_tc, event_id) VALUES (292, 78115886102, 2);
INSERT INTO ticket (ticket_id, participant_tc, event_id) VALUES (293, 35280358923, 3);
INSERT INTO ticket (ticket_id, participant_tc, event_id) VALUES (294, 18563357760, 4);
INSERT INTO ticket (ticket_id, participant_tc, event_id) VALUES (295, 28588106172, 5);
INSERT INTO ticket (ticket_id, participant_tc, event_id) VALUES (296, 46319738508, 6);
INSERT INTO ticket (ticket_id, participant_tc, event_id) VALUES (297, 97786886793, 7);
INSERT INTO ticket (ticket_id, participant_tc, event_id) VALUES (298, 14799818972, 8);
INSERT INTO ticket (ticket_id, participant_tc, event_id) VALUES (299, 18010048431, 9);
INSERT INTO ticket (ticket_id, participant_tc, event_id) VALUES (300, 28061151105, 10);
INSERT INTO ticket (ticket_id, participant_tc, event_id) VALUES (301, 38300488275, 1);
INSERT INTO ticket (ticket_id, participant_tc, event_id) VALUES (302, 60160829368, 2);
INSERT INTO ticket (ticket_id, participant_tc, event_id) VALUES (303, 31606394253, 3);
INSERT INTO ticket (ticket_id, participant_tc, event_id) VALUES (304, 92808358842, 4);
INSERT INTO ticket (ticket_id, participant_tc, event_id) VALUES (305, 26962250251, 5);
INSERT INTO ticket (ticket_id, participant_tc, event_id) VALUES (306, 98901478354, 6);
INSERT INTO ticket (ticket_id, participant_tc, event_id) VALUES (307, 14391523737, 7);
INSERT INTO ticket (ticket_id, participant_tc, event_id) VALUES (308, 23051975926, 8);
INSERT INTO ticket (ticket_id, participant_tc, event_id) VALUES (309, 45458320847, 9);
INSERT INTO ticket (ticket_id, participant_tc, event_id) VALUES (310, 28847529983, 10);
INSERT INTO ticket (ticket_id, participant_tc, event_id) VALUES (311, 33146701555, 1);
INSERT INTO ticket (ticket_id, participant_tc, event_id) VALUES (312, 64196105561, 2);
INSERT INTO ticket (ticket_id, participant_tc, event_id) VALUES (313, 97041532639, 3);
INSERT INTO ticket (ticket_id, participant_tc, event_id) VALUES (314, 89708449092, 4);
INSERT INTO ticket (ticket_id, participant_tc, event_id) VALUES (315, 18606528037, 5);
INSERT INTO ticket (ticket_id, participant_tc, event_id) VALUES (316, 91647702767, 6);
INSERT INTO ticket (ticket_id, participant_tc, event_id) VALUES (317, 31882818471, 7);
INSERT INTO ticket (ticket_id, participant_tc, event_id) VALUES (318, 11391850741, 8);
INSERT INTO ticket (ticket_id, participant_tc, event_id) VALUES (319, 81071109938, 9);
INSERT INTO ticket (ticket_id, participant_tc, event_id) VALUES (320, 76938130878, 10);
INSERT INTO ticket (ticket_id, participant_tc, event_id) VALUES (321, 90079660067, 1);
INSERT INTO ticket (ticket_id, participant_tc, event_id) VALUES (322, 56067588648, 2);
INSERT INTO ticket (ticket_id, participant_tc, event_id) VALUES (323, 25231565161, 3);
INSERT INTO ticket (ticket_id, participant_tc, event_id) VALUES (324, 35124964788, 4);
INSERT INTO ticket (ticket_id, participant_tc, event_id) VALUES (325, 90788772451, 5);
INSERT INTO ticket (ticket_id, participant_tc, event_id) VALUES (326, 59178047303, 6);
INSERT INTO ticket (ticket_id, participant_tc, event_id) VALUES (327, 38265469798, 7);
INSERT INTO ticket (ticket_id, participant_tc, event_id) VALUES (328, 60784780120, 8);
INSERT INTO ticket (ticket_id, participant_tc, event_id) VALUES (329, 79561322492, 9);
INSERT INTO ticket (ticket_id, participant_tc, event_id) VALUES (330, 75882403707, 10);
INSERT INTO ticket (ticket_id, participant_tc, event_id) VALUES (331, 49106084036, 1);
INSERT INTO ticket (ticket_id, participant_tc, event_id) VALUES (332, 38541584410, 2);
INSERT INTO ticket (ticket_id, participant_tc, event_id) VALUES (333, 15555303321, 3);
INSERT INTO ticket (ticket_id, participant_tc, event_id) VALUES (334, 58639012258, 4);
INSERT INTO ticket (ticket_id, participant_tc, event_id) VALUES (335, 24117342157, 5);
INSERT INTO ticket (ticket_id, participant_tc, event_id) VALUES (336, 81523040134, 6);
INSERT INTO ticket (ticket_id, participant_tc, event_id) VALUES (337, 86370215735, 7);
INSERT INTO ticket (ticket_id, participant_tc, event_id) VALUES (338, 93003803128, 8);
INSERT INTO ticket (ticket_id, participant_tc, event_id) VALUES (339, 65690660452, 9);
INSERT INTO ticket (ticket_id, participant_tc, event_id) VALUES (340, 68022044045, 10);
INSERT INTO ticket (ticket_id, participant_tc, event_id) VALUES (341, 45149228765, 1);
INSERT INTO ticket (ticket_id, participant_tc, event_id) VALUES (342, 42154085776, 2);
INSERT INTO ticket (ticket_id, participant_tc, event_id) VALUES (343, 23585743605, 3);
INSERT INTO ticket (ticket_id, participant_tc, event_id) VALUES (344, 86989686009, 4);
INSERT INTO ticket (ticket_id, participant_tc, event_id) VALUES (345, 33010156893, 5);
INSERT INTO ticket (ticket_id, participant_tc, event_id) VALUES (346, 51456889191, 6);
INSERT INTO ticket (ticket_id, participant_tc, event_id) VALUES (347, 46001056527, 7);
INSERT INTO ticket (ticket_id, participant_tc, event_id) VALUES (348, 79820543443, 8);
INSERT INTO ticket (ticket_id, participant_tc, event_id) VALUES (349, 93912070077, 9);
INSERT INTO ticket (ticket_id, participant_tc, event_id) VALUES (350, 66947232465, 10);
INSERT INTO ticket (ticket_id, participant_tc, event_id) VALUES (351, 67425589306, 1);
INSERT INTO ticket (ticket_id, participant_tc, event_id) VALUES (352, 37760376680, 2);
INSERT INTO ticket (ticket_id, participant_tc, event_id) VALUES (353, 55579308349, 3);
INSERT INTO ticket (ticket_id, participant_tc, event_id) VALUES (354, 52464701436, 4);
INSERT INTO ticket (ticket_id, participant_tc, event_id) VALUES (355, 20368871950, 5);
INSERT INTO ticket (ticket_id, participant_tc, event_id) VALUES (356, 35960254593, 6);
INSERT INTO ticket (ticket_id, participant_tc, event_id) VALUES (357, 10573770462, 7);
INSERT INTO ticket (ticket_id, participant_tc, event_id) VALUES (358, 12297141575, 8);
INSERT INTO ticket (ticket_id, participant_tc, event_id) VALUES (359, 36988567343, 9);
INSERT INTO ticket (ticket_id, participant_tc, event_id) VALUES (360, 31852102726, 10);
INSERT INTO ticket (ticket_id, participant_tc, event_id) VALUES (361, 32210853821, 1);
INSERT INTO ticket (ticket_id, participant_tc, event_id) VALUES (362, 15856275106, 2);
INSERT INTO ticket (ticket_id, participant_tc, event_id) VALUES (363, 22322209415, 3);
INSERT INTO ticket (ticket_id, participant_tc, event_id) VALUES (364, 11906019896, 4);
INSERT INTO ticket (ticket_id, participant_tc, event_id) VALUES (365, 90119888397, 5);
INSERT INTO ticket (ticket_id, participant_tc, event_id) VALUES (366, 94868688921, 6);
INSERT INTO ticket (ticket_id, participant_tc, event_id) VALUES (367, 47839913038, 7);
INSERT INTO ticket (ticket_id, participant_tc, event_id) VALUES (368, 70123864521, 8);
INSERT INTO ticket (ticket_id, participant_tc, event_id) VALUES (369, 52424695120, 9);
INSERT INTO ticket (ticket_id, participant_tc, event_id) VALUES (370, 70155769134, 10);
INSERT INTO ticket (ticket_id, participant_tc, event_id) VALUES (371, 10813142238, 1);
INSERT INTO ticket (ticket_id, participant_tc, event_id) VALUES (372, 42303885383, 2);
INSERT INTO ticket (ticket_id, participant_tc, event_id) VALUES (373, 99912269264, 3);
INSERT INTO ticket (ticket_id, participant_tc, event_id) VALUES (374, 33907829088, 4);
INSERT INTO ticket (ticket_id, participant_tc, event_id) VALUES (375, 80193974904, 5);
INSERT INTO ticket (ticket_id, participant_tc, event_id) VALUES (376, 26264986121, 6);
INSERT INTO ticket (ticket_id, participant_tc, event_id) VALUES (377, 88736652900, 7);
INSERT INTO ticket (ticket_id, participant_tc, event_id) VALUES (378, 87920198824, 8);
INSERT INTO ticket (ticket_id, participant_tc, event_id) VALUES (379, 18222093014, 9);
INSERT INTO ticket (ticket_id, participant_tc, event_id) VALUES (380, 71614044049, 10);
INSERT INTO ticket (ticket_id, participant_tc, event_id) VALUES (381, 64779984892, 1);
INSERT INTO ticket (ticket_id, participant_tc, event_id) VALUES (382, 35574863647, 2);
INSERT INTO ticket (ticket_id, participant_tc, event_id) VALUES (383, 45681950118, 3);
INSERT INTO ticket (ticket_id, participant_tc, event_id) VALUES (384, 58792669984, 4);
INSERT INTO ticket (ticket_id, participant_tc, event_id) VALUES (385, 61641696158, 5);
INSERT INTO ticket (ticket_id, participant_tc, event_id) VALUES (386, 72201806598, 6);
INSERT INTO ticket (ticket_id, participant_tc, event_id) VALUES (387, 18165320285, 7);
INSERT INTO ticket (ticket_id, participant_tc, event_id) VALUES (388, 90334309452, 8);
INSERT INTO ticket (ticket_id, participant_tc, event_id) VALUES (389, 62927139109, 9);
INSERT INTO ticket (ticket_id, participant_tc, event_id) VALUES (390, 56115085645, 10);
INSERT INTO ticket (ticket_id, participant_tc, event_id) VALUES (391, 36969323466, 1);
INSERT INTO ticket (ticket_id, participant_tc, event_id) VALUES (392, 28030070331, 2);
INSERT INTO ticket (ticket_id, participant_tc, event_id) VALUES (393, 39619372064, 3);
INSERT INTO ticket (ticket_id, participant_tc, event_id) VALUES (394, 52951817112, 4);
INSERT INTO ticket (ticket_id, participant_tc, event_id) VALUES (395, 99994874102, 5);
INSERT INTO ticket (ticket_id, participant_tc, event_id) VALUES (396, 19690159661, 6);
INSERT INTO ticket (ticket_id, participant_tc, event_id) VALUES (397, 50861739608, 7);
INSERT INTO ticket (ticket_id, participant_tc, event_id) VALUES (398, 94572897108, 8);
INSERT INTO ticket (ticket_id, participant_tc, event_id) VALUES (399, 78223835758, 9);
INSERT INTO ticket (ticket_id, participant_tc, event_id) VALUES (400, 27079340981, 10);
INSERT INTO ticket (ticket_id, participant_tc, event_id) VALUES (401, 12608226260, 1);
INSERT INTO ticket (ticket_id, participant_tc, event_id) VALUES (402, 19967507434, 2);
INSERT INTO ticket (ticket_id, participant_tc, event_id) VALUES (403, 70662905437, 3);
INSERT INTO ticket (ticket_id, participant_tc, event_id) VALUES (404, 96197189750, 4);
INSERT INTO ticket (ticket_id, participant_tc, event_id) VALUES (405, 67576306833, 5);
INSERT INTO ticket (ticket_id, participant_tc, event_id) VALUES (406, 29919297753, 6);
INSERT INTO ticket (ticket_id, participant_tc, event_id) VALUES (407, 64268591957, 7);
INSERT INTO ticket (ticket_id, participant_tc, event_id) VALUES (408, 77508219595, 8);
INSERT INTO ticket (ticket_id, participant_tc, event_id) VALUES (409, 55087972406, 9);
INSERT INTO ticket (ticket_id, participant_tc, event_id) VALUES (410, 88835032770, 10);
INSERT INTO ticket (ticket_id, participant_tc, event_id) VALUES (411, 96707269972, 1);
INSERT INTO ticket (ticket_id, participant_tc, event_id) VALUES (412, 46733707208, 2);
INSERT INTO ticket (ticket_id, participant_tc, event_id) VALUES (413, 18343056913, 3);
INSERT INTO ticket (ticket_id, participant_tc, event_id) VALUES (414, 50015785798, 4);
INSERT INTO ticket (ticket_id, participant_tc, event_id) VALUES (415, 60827965885, 5);
INSERT INTO ticket (ticket_id, participant_tc, event_id) VALUES (416, 74446480752, 6);
INSERT INTO ticket (ticket_id, participant_tc, event_id) VALUES (417, 67252660319, 7);
INSERT INTO ticket (ticket_id, participant_tc, event_id) VALUES (418, 12385765885, 8);
INSERT INTO ticket (ticket_id, participant_tc, event_id) VALUES (419, 54387753901, 9);
INSERT INTO ticket (ticket_id, participant_tc, event_id) VALUES (420, 16071883533, 10);
INSERT INTO ticket (ticket_id, participant_tc, event_id) VALUES (421, 23057959120, 1);
INSERT INTO ticket (ticket_id, participant_tc, event_id) VALUES (422, 44894251276, 2);
INSERT INTO ticket (ticket_id, participant_tc, event_id) VALUES (423, 69169381980, 3);
INSERT INTO ticket (ticket_id, participant_tc, event_id) VALUES (424, 99433516340, 4);
INSERT INTO ticket (ticket_id, participant_tc, event_id) VALUES (425, 25427179926, 5);
INSERT INTO ticket (ticket_id, participant_tc, event_id) VALUES (426, 68360039235, 6);
INSERT INTO ticket (ticket_id, participant_tc, event_id) VALUES (427, 51975311291, 7);
INSERT INTO ticket (ticket_id, participant_tc, event_id) VALUES (428, 32564127643, 8);
INSERT INTO ticket (ticket_id, participant_tc, event_id) VALUES (429, 39259226678, 9);
INSERT INTO ticket (ticket_id, participant_tc, event_id) VALUES (430, 26815467316, 10);
INSERT INTO ticket (ticket_id, participant_tc, event_id) VALUES (431, 31051509152, 1);
INSERT INTO ticket (ticket_id, participant_tc, event_id) VALUES (432, 58112106879, 2);
INSERT INTO ticket (ticket_id, participant_tc, event_id) VALUES (433, 50820397559, 3);
INSERT INTO ticket (ticket_id, participant_tc, event_id) VALUES (434, 88138299719, 4);
INSERT INTO ticket (ticket_id, participant_tc, event_id) VALUES (435, 28438092116, 5);
INSERT INTO ticket (ticket_id, participant_tc, event_id) VALUES (436, 32338397942, 6);
INSERT INTO ticket (ticket_id, participant_tc, event_id) VALUES (437, 28598286439, 7);
INSERT INTO ticket (ticket_id, participant_tc, event_id) VALUES (438, 42703135170, 8);
INSERT INTO ticket (ticket_id, participant_tc, event_id) VALUES (439, 62450711887, 9);
INSERT INTO ticket (ticket_id, participant_tc, event_id) VALUES (440, 19810405348, 10);
INSERT INTO ticket (ticket_id, participant_tc, event_id) VALUES (441, 18530228243, 1);
INSERT INTO ticket (ticket_id, participant_tc, event_id) VALUES (442, 14215787904, 2);
INSERT INTO ticket (ticket_id, participant_tc, event_id) VALUES (443, 22806198917, 3);
INSERT INTO ticket (ticket_id, participant_tc, event_id) VALUES (444, 65385128227, 4);
INSERT INTO ticket (ticket_id, participant_tc, event_id) VALUES (445, 56182595440, 5);
INSERT INTO ticket (ticket_id, participant_tc, event_id) VALUES (446, 32092522083, 6);
INSERT INTO ticket (ticket_id, participant_tc, event_id) VALUES (447, 76238721877, 7);
INSERT INTO ticket (ticket_id, participant_tc, event_id) VALUES (448, 21735003393, 8);
INSERT INTO ticket (ticket_id, participant_tc, event_id) VALUES (449, 98827149879, 9);
INSERT INTO ticket (ticket_id, participant_tc, event_id) VALUES (450, 22303108647, 10);
INSERT INTO ticket (ticket_id, participant_tc, event_id) VALUES (451, 65834767041, 1);
INSERT INTO ticket (ticket_id, participant_tc, event_id) VALUES (452, 18836984984, 2);
INSERT INTO ticket (ticket_id, participant_tc, event_id) VALUES (453, 56262965076, 3);
INSERT INTO ticket (ticket_id, participant_tc, event_id) VALUES (454, 84459157047, 4);
INSERT INTO ticket (ticket_id, participant_tc, event_id) VALUES (455, 11578686630, 5);
INSERT INTO ticket (ticket_id, participant_tc, event_id) VALUES (456, 45115847655, 6);
INSERT INTO ticket (ticket_id, participant_tc, event_id) VALUES (457, 73084132176, 7);
INSERT INTO ticket (ticket_id, participant_tc, event_id) VALUES (458, 51956140534, 8);
INSERT INTO ticket (ticket_id, participant_tc, event_id) VALUES (459, 76010840635, 9);
INSERT INTO ticket (ticket_id, participant_tc, event_id) VALUES (460, 87061893107, 10);
INSERT INTO ticket (ticket_id, participant_tc, event_id) VALUES (461, 65609286406, 1);
INSERT INTO ticket (ticket_id, participant_tc, event_id) VALUES (462, 86947402159, 2);
INSERT INTO ticket (ticket_id, participant_tc, event_id) VALUES (463, 54392147572, 3);
INSERT INTO ticket (ticket_id, participant_tc, event_id) VALUES (464, 92523818455, 4);
INSERT INTO ticket (ticket_id, participant_tc, event_id) VALUES (465, 43710210985, 5);
INSERT INTO ticket (ticket_id, participant_tc, event_id) VALUES (466, 70564065603, 6);
INSERT INTO ticket (ticket_id, participant_tc, event_id) VALUES (467, 72415372789, 7);
INSERT INTO ticket (ticket_id, participant_tc, event_id) VALUES (468, 39561400254, 8);
INSERT INTO ticket (ticket_id, participant_tc, event_id) VALUES (469, 95435151830, 9);
INSERT INTO ticket (ticket_id, participant_tc, event_id) VALUES (470, 77906257044, 10);
INSERT INTO ticket (ticket_id, participant_tc, event_id) VALUES (471, 18602582410, 1);
INSERT INTO ticket (ticket_id, participant_tc, event_id) VALUES (472, 80372203222, 2);
INSERT INTO ticket (ticket_id, participant_tc, event_id) VALUES (473, 69390312496, 3);
INSERT INTO ticket (ticket_id, participant_tc, event_id) VALUES (474, 85512705644, 4);
INSERT INTO ticket (ticket_id, participant_tc, event_id) VALUES (475, 99587539689, 5);
INSERT INTO ticket (ticket_id, participant_tc, event_id) VALUES (476, 82562271601, 6);
INSERT INTO ticket (ticket_id, participant_tc, event_id) VALUES (477, 64020205709, 7);
INSERT INTO ticket (ticket_id, participant_tc, event_id) VALUES (478, 35209423351, 8);
INSERT INTO ticket (ticket_id, participant_tc, event_id) VALUES (479, 25830995103, 9);
INSERT INTO ticket (ticket_id, participant_tc, event_id) VALUES (480, 19675123916, 10);
INSERT INTO ticket (ticket_id, participant_tc, event_id) VALUES (481, 27354488752, 1);
INSERT INTO ticket (ticket_id, participant_tc, event_id) VALUES (482, 50855911010, 2);
INSERT INTO ticket (ticket_id, participant_tc, event_id) VALUES (483, 66071374399, 3);
INSERT INTO ticket (ticket_id, participant_tc, event_id) VALUES (484, 77574976941, 4);
INSERT INTO ticket (ticket_id, participant_tc, event_id) VALUES (485, 68605877569, 5);
INSERT INTO ticket (ticket_id, participant_tc, event_id) VALUES (486, 60470753340, 6);
INSERT INTO ticket (ticket_id, participant_tc, event_id) VALUES (487, 57135111935, 7);
INSERT INTO ticket (ticket_id, participant_tc, event_id) VALUES (488, 99682885607, 8);
INSERT INTO ticket (ticket_id, participant_tc, event_id) VALUES (489, 44749515121, 9);
INSERT INTO ticket (ticket_id, participant_tc, event_id) VALUES (490, 51388010744, 10);
INSERT INTO ticket (ticket_id, participant_tc, event_id) VALUES (491, 43921262988, 1);
INSERT INTO ticket (ticket_id, participant_tc, event_id) VALUES (492, 57740006955, 2);
INSERT INTO ticket (ticket_id, participant_tc, event_id) VALUES (493, 61455279983, 3);
INSERT INTO ticket (ticket_id, participant_tc, event_id) VALUES (494, 47261531251, 4);
INSERT INTO ticket (ticket_id, participant_tc, event_id) VALUES (495, 83527749551, 5);
INSERT INTO ticket (ticket_id, participant_tc, event_id) VALUES (496, 87960423777, 6);
INSERT INTO ticket (ticket_id, participant_tc, event_id) VALUES (497, 87306528778, 7);
INSERT INTO ticket (ticket_id, participant_tc, event_id) VALUES (498, 17483677912, 8);
INSERT INTO ticket (ticket_id, participant_tc, event_id) VALUES (499, 70824788347, 9);
INSERT INTO ticket (ticket_id, participant_tc, event_id) VALUES (500, 44355165948, 10);


-- Table: ticket_owner_information


INSERT INTO ticket_owner_information (participant_tc, participant_name, participant_surname, participant_email, participant_birtday, participant_university, participant_phone) VALUES (10314543740, 'Michael', 'Allen', 'bharris@yahoo.com', '1994-12-28', 'Holmes Institute', 5448756524);
INSERT INTO ticket_owner_information (participant_tc, participant_name, participant_surname, participant_email, participant_birtday, participant_university, participant_phone) VALUES (10327656399, 'Sherri', 'Leon', 'maguirre@duncan-booker.com', '1992-08-01', 'Herat University', 5438282674);
INSERT INTO ticket_owner_information (participant_tc, participant_name, participant_surname, participant_email, participant_birtday, participant_university, participant_phone) VALUES (10573770462, 'Lauren', 'Nichols', 'christopherrodriguez@carrillo-leblanc.net', '1993-11-10', 'Chittagong Independent University', 5434625962);
INSERT INTO ticket_owner_information (participant_tc, participant_name, participant_surname, participant_email, participant_birtday, participant_university, participant_phone) VALUES (10813142238, 'Michelle', 'Freeman', 'olsonbrandy@hotmail.com', '1996-06-06', 'IBAIS University', 5425421105);
INSERT INTO ticket_owner_information (participant_tc, participant_name, participant_surname, participant_email, participant_birtday, participant_university, participant_phone) VALUES (11146229557, 'Cody', 'Wright', 'ecross@hotmail.com', '2000-11-01', 'Instituto Tecnológico de Buenos Aires', 5427788575);
INSERT INTO ticket_owner_information (participant_tc, participant_name, participant_surname, participant_email, participant_birtday, participant_university, participant_phone) VALUES (11391850741, 'Tracy', 'Baldwin', 'brad44@gmail.com', '1997-01-14', 'National Aviation Academy', 5424038530);
INSERT INTO ticket_owner_information (participant_tc, participant_name, participant_surname, participant_email, participant_birtday, participant_university, participant_phone) VALUES (11534655472, 'Shelby', 'Hester', 'hollyjones@smith.biz', '1994-12-16', 'Universität für angewandte Kunst Wien', 5430631527);
INSERT INTO ticket_owner_information (participant_tc, participant_name, participant_surname, participant_email, participant_birtday, participant_university, participant_phone) VALUES (11578686630, 'Perry', 'Allen', 'wilsonkimberly@robles.com', '1994-10-12', 'Universiteit Antwerpen, UFSIA', 5455489532);
INSERT INTO ticket_owner_information (participant_tc, participant_name, participant_surname, participant_email, participant_birtday, participant_university, participant_phone) VALUES (11710341577, 'Ricky', 'Graham', 'lrivera@gmail.com', '2002-12-01', 'American University in the Emirates', 5453766399);
INSERT INTO ticket_owner_information (participant_tc, participant_name, participant_surname, participant_email, participant_birtday, participant_university, participant_phone) VALUES (11906019896, 'Nicholas', 'Bowers', 'jonesamy@larsen.com', '1992-07-22', 'Dhaka University of Engineering and Technology', 5420383315);
INSERT INTO ticket_owner_information (participant_tc, participant_name, participant_surname, participant_email, participant_birtday, participant_university, participant_phone) VALUES (12038869366, 'Shannon', 'Mclean', 'stevenlawson@yahoo.com', '1992-03-11', 'Universidad Blas Pascal', 5451707896);
INSERT INTO ticket_owner_information (participant_tc, participant_name, participant_surname, participant_email, participant_birtday, participant_university, participant_phone) VALUES (12163884825, 'Veronica', 'Gibson', 'roylisa@moran-moore.com', '2001-06-17', 'Australian Catholic University', 5435369095);
INSERT INTO ticket_owner_information (participant_tc, participant_name, participant_surname, participant_email, participant_birtday, participant_university, participant_phone) VALUES (12297141575, 'Matthew', 'Mckinney', 'woodjamie@gmail.com', '1997-12-23', 'Chittagong University of Engineering and Technology', 5450322835);
INSERT INTO ticket_owner_information (participant_tc, participant_name, participant_surname, participant_email, participant_birtday, participant_university, participant_phone) VALUES (12385765885, 'Brian', 'Harris', 'michelecunningham@poole.com', '2002-09-23', 'Brussels Management School (ICHEC)', 5442714225);
INSERT INTO ticket_owner_information (participant_tc, participant_name, participant_surname, participant_email, participant_birtday, participant_university, participant_phone) VALUES (12487290713, 'Breanna', 'Casey', 'derricktodd@yahoo.com', '1997-05-20', 'Khurasan University', 5420881175);
INSERT INTO ticket_owner_information (participant_tc, participant_name, participant_surname, participant_email, participant_birtday, participant_university, participant_phone) VALUES (12553351058, 'Dale', 'Romero', 'cody76@castaneda-young.biz', '2000-02-10', 'Baghlan University', 5423371452);
INSERT INTO ticket_owner_information (participant_tc, participant_name, participant_surname, participant_email, participant_birtday, participant_university, participant_phone) VALUES (12608226260, 'Jason', 'Gonzalez', 'elizabethwilliams@gmail.com', '1998-01-27', 'Southeast University', 5427255475);
INSERT INTO ticket_owner_information (participant_tc, participant_name, participant_surname, participant_email, participant_birtday, participant_university, participant_phone) VALUES (14125979456, 'John', 'Bryant', 'tina39@hotmail.com', '1992-10-01', 'Katholisch-Theologische Privatuniversität Linz', 5443181862);
INSERT INTO ticket_owner_information (participant_tc, participant_name, participant_surname, participant_email, participant_birtday, participant_university, participant_phone) VALUES (14215787904, 'Amy', 'Ramirez', 'kellermichael@yahoo.com', '2002-02-10', 'Katholieke Hogeschool Leuven', 5421420341);
INSERT INTO ticket_owner_information (participant_tc, participant_name, participant_surname, participant_email, participant_birtday, participant_university, participant_phone) VALUES (14318165830, 'Megan', 'Higgins', 'allensnow@gmail.com', '1993-07-18', 'Armenian State Agrarian University', 5425172975);
INSERT INTO ticket_owner_information (participant_tc, participant_name, participant_surname, participant_email, participant_birtday, participant_university, participant_phone) VALUES (14391523737, 'Christopher', 'Wall', 'cmoss@fernandez-jimenez.biz', '1990-07-06', 'Azerbaijan Toursim Institute', 5422643723);
INSERT INTO ticket_owner_information (participant_tc, participant_name, participant_surname, participant_email, participant_birtday, participant_university, participant_phone) VALUES (14591797516, 'Mary', 'Terry', 'gwalker@thomas.com', '1990-02-27', 'Fachhochschulstudiengänge Hagenberg', 5434159744);
INSERT INTO ticket_owner_information (participant_tc, participant_name, participant_surname, participant_email, participant_birtday, participant_university, participant_phone) VALUES (14799818972, 'Christopher', 'Nunez', 'christopherarmstrong@gmail.com', '1990-09-17', 'Academy of Public Administration', 5454033541);
INSERT INTO ticket_owner_information (participant_tc, participant_name, participant_surname, participant_email, participant_birtday, participant_university, participant_phone) VALUES (15297335820, 'Justin', 'Warren', 'andrewbradley@gmail.com', '1997-07-28', 'French University in Armenia (UFAR)', 5422551910);
INSERT INTO ticket_owner_information (participant_tc, participant_name, participant_surname, participant_email, participant_birtday, participant_university, participant_phone) VALUES (15555303321, 'Allison', 'Bentley', 'jamesalbert@hotmail.com', '1997-02-25', 'University of Mostar', 5425414390);
INSERT INTO ticket_owner_information (participant_tc, participant_name, participant_surname, participant_email, participant_birtday, participant_university, participant_phone) VALUES (15593296728, 'Sarah', 'Cole', 'montgomerybryan@davis.com', '2001-07-14', 'University of Queensland', 5425546214);
INSERT INTO ticket_owner_information (participant_tc, participant_name, participant_surname, participant_email, participant_birtday, participant_university, participant_phone) VALUES (15634809694, 'Ashley', 'Hill', 'barbarajohnson@hotmail.com', '1995-12-23', 'Universidad Católica de Santiago del Estero', 5442400455);
INSERT INTO ticket_owner_information (participant_tc, participant_name, participant_surname, participant_email, participant_birtday, participant_university, participant_phone) VALUES (15787328540, 'Jacqueline', 'Powell', 'megan79@fox.info', '1990-02-13', 'Universidad de Buenos Aires', 5428801238);
INSERT INTO ticket_owner_information (participant_tc, participant_name, participant_surname, participant_email, participant_birtday, participant_university, participant_phone) VALUES (15856275106, 'Deborah', 'Miller', 'brianparker@fry-carson.com', '1990-04-26', 'Darul Ihsan University', 5427209092);
INSERT INTO ticket_owner_information (participant_tc, participant_name, participant_surname, participant_email, participant_birtday, participant_university, participant_phone) VALUES (16000974421, 'Duane', 'Buchanan', 'stephaniewilliams@gmail.com', '1994-12-22', 'Veterinärmedizinische Universität Wien', 5427257364);
INSERT INTO ticket_owner_information (participant_tc, participant_name, participant_surname, participant_email, participant_birtday, participant_university, participant_phone) VALUES (16071883533, 'Angel', 'Weber', 'nicole45@gmail.com', '2000-08-25', 'College of Europe', 5423279050);
INSERT INTO ticket_owner_information (participant_tc, participant_name, participant_surname, participant_email, participant_birtday, participant_university, participant_phone) VALUES (16151377739, 'Peter', 'Lawson', 'johnbyrd@hotmail.com', '2001-11-19', 'Fachhochschule Salzburg', 5443818649);
INSERT INTO ticket_owner_information (participant_tc, participant_name, participant_surname, participant_email, participant_birtday, participant_university, participant_phone) VALUES (16337663990, 'Courtney', 'Jackson', 'bradyjason@yahoo.com', '2000-10-13', 'University of Jazeera', 5448337788);
INSERT INTO ticket_owner_information (participant_tc, participant_name, participant_surname, participant_email, participant_birtday, participant_university, participant_phone) VALUES (16478250168, 'Kristin', 'Bryant', 'steveknight@becker-stewart.biz', '1991-08-20', 'Universidad ISALUD', 5443039615);
INSERT INTO ticket_owner_information (participant_tc, participant_name, participant_surname, participant_email, participant_birtday, participant_university, participant_phone) VALUES (17080988631, 'Ashley', 'Hampton', 'charleslewis@cuevas-sanchez.info', '1992-06-01', 'Technische Universität Wien', 5433668524);
INSERT INTO ticket_owner_information (participant_tc, participant_name, participant_surname, participant_email, participant_birtday, participant_university, participant_phone) VALUES (17405189704, 'Holly', 'Parker', 'stacy07@bowers.org', '1990-04-19', 'Universität für Musik und darstellende Kunst Graz', 5421904967);
INSERT INTO ticket_owner_information (participant_tc, participant_name, participant_surname, participant_email, participant_birtday, participant_university, participant_phone) VALUES (17483677912, 'Amy', 'Mathews', 'gdalton@yahoo.com', '2000-06-26', 'Al Ghurair University', 5419145638);
INSERT INTO ticket_owner_information (participant_tc, participant_name, participant_surname, participant_email, participant_birtday, participant_university, participant_phone) VALUES (18010048431, 'Christy', 'Davis', 'samuel84@russell.net', '1998-04-16', 'Azerbaijan Diplomatic Academy', 5425844554);
INSERT INTO ticket_owner_information (participant_tc, participant_name, participant_surname, participant_email, participant_birtday, participant_university, participant_phone) VALUES (18165320285, 'Donald', 'Harper', 'emma48@cain.com', '1994-11-14', 'Military Institute of Science and Technology', 5434538264);
INSERT INTO ticket_owner_information (participant_tc, participant_name, participant_surname, participant_email, participant_birtday, participant_university, participant_phone) VALUES (18222093014, 'Amy', 'Williams', 'mhicks@hahn.com', '1999-11-17', 'Jahangirnagar University', 5434751508);
INSERT INTO ticket_owner_information (participant_tc, participant_name, participant_surname, participant_email, participant_birtday, participant_university, participant_phone) VALUES (18343056913, 'Carly', 'Preston', 'owenstaylor@hill.info', '1997-06-05', 'University of Liberal Arts', 5420502602);
INSERT INTO ticket_owner_information (participant_tc, participant_name, participant_surname, participant_email, participant_birtday, participant_university, participant_phone) VALUES (18530228243, 'Sarah', 'Walker', 'traviscarolyn@turner.biz', '1996-12-26', 'Katholieke Hogeschool Kempen', 5437780023);
INSERT INTO ticket_owner_information (participant_tc, participant_name, participant_surname, participant_email, participant_birtday, participant_university, participant_phone) VALUES (18563357760, 'Stephen', 'Gallagher', 'greeneric@yahoo.com', '1992-04-15', 'University of the Sunshine Coast', 5455867493);
INSERT INTO ticket_owner_information (participant_tc, participant_name, participant_surname, participant_email, participant_birtday, participant_university, participant_phone) VALUES (18602582410, 'Crystal', 'Joseph', 'jonestyler@hotmail.com', '1990-03-27', 'Medical University Pleven', 5435845271);
INSERT INTO ticket_owner_information (participant_tc, participant_name, participant_surname, participant_email, participant_birtday, participant_university, participant_phone) VALUES (18606528037, 'Julie', 'Mcdowell', 'david88@gmail.com', '1999-09-18', 'Lankaran State University', 5442522006);
INSERT INTO ticket_owner_information (participant_tc, participant_name, participant_surname, participant_email, participant_birtday, participant_university, participant_phone) VALUES (18628645074, 'Danielle', 'Banks', 'rose80@gmail.com', '1996-05-19', 'Universidad Nacional de Tres de Febrero', 5453921731);
INSERT INTO ticket_owner_information (participant_tc, participant_name, participant_surname, participant_email, participant_birtday, participant_university, participant_phone) VALUES (18708538906, 'Cathy', 'Ponce', 'xjensen@yahoo.com', '2000-11-14', 'Edith Cowan University', 5447704693);
INSERT INTO ticket_owner_information (participant_tc, participant_name, participant_surname, participant_email, participant_birtday, participant_university, participant_phone) VALUES (18836984984, 'Jennifer', 'Ramos', 'brose@flynn.com', '1994-08-19', 'Université de Mons-Hainaut', 5428781029);
INSERT INTO ticket_owner_information (participant_tc, participant_name, participant_surname, participant_email, participant_birtday, participant_university, participant_phone) VALUES (19183205749, 'Kathleen', 'Mcgee', 'vhill@yahoo.com', '1998-12-15', 'American University of Antigua', 5418751667);
INSERT INTO ticket_owner_information (participant_tc, participant_name, participant_surname, participant_email, participant_birtday, participant_university, participant_phone) VALUES (19230731437, 'Richard', 'Hernandez', 'shannonrogers@gmail.com', '1998-10-22', 'Pamir University', 5445964740);
INSERT INTO ticket_owner_information (participant_tc, participant_name, participant_surname, participant_email, participant_birtday, participant_university, participant_phone) VALUES (19326699361, 'Connie', 'Calderon', 'josephduran@garcia.com', '2001-11-20', 'Universidad Atlantida Argentina', 5433317903);
INSERT INTO ticket_owner_information (participant_tc, participant_name, participant_surname, participant_email, participant_birtday, participant_university, participant_phone) VALUES (19675123916, 'Teresa', 'Anthony', 'allen65@hotmail.com', '1993-10-05', 'Shoumen University "Konstantin Preslavski"', 5432628334);
INSERT INTO ticket_owner_information (participant_tc, participant_name, participant_surname, participant_email, participant_birtday, participant_university, participant_phone) VALUES (19690159661, 'Patricia', 'Curry', 'davidpeterson@hotmail.com', '2000-04-26', 'Premier University', 5439496198);
INSERT INTO ticket_owner_information (participant_tc, participant_name, participant_surname, participant_email, participant_birtday, participant_university, participant_phone) VALUES (19810405348, 'Alexander', 'Smith', 'danny54@gmail.com', '1992-11-20', 'Karel De Grote Hogeschool', 5450077460);
INSERT INTO ticket_owner_information (participant_tc, participant_name, participant_surname, participant_email, participant_birtday, participant_university, participant_phone) VALUES (19964713626, 'Christopher', 'Massey', 'ochristensen@cook.biz', '2001-08-16', 'Universidad Tecnológica Nacional', 5431879879);
INSERT INTO ticket_owner_information (participant_tc, participant_name, participant_surname, participant_email, participant_birtday, participant_university, participant_phone) VALUES (19967507434, 'Jessica', 'Zamora', 'richard27@gmail.com', '1997-08-20', 'Southern University Bangladesh', 5451390978);
INSERT INTO ticket_owner_information (participant_tc, participant_name, participant_surname, participant_email, participant_birtday, participant_university, participant_phone) VALUES (20009613965, 'Linda', 'Smith', 'jenniferwilson@hotmail.com', '2000-11-04', 'University of Adelaide', 5449649011);
INSERT INTO ticket_owner_information (participant_tc, participant_name, participant_surname, participant_email, participant_birtday, participant_university, participant_phone) VALUES (20203624752, 'Jasmine', 'Stevens', 'tommy55@allen.com', '1999-12-26', 'Queensland University of Technology', 5441044249);
INSERT INTO ticket_owner_information (participant_tc, participant_name, participant_surname, participant_email, participant_birtday, participant_university, participant_phone) VALUES (20365674852, 'Dustin', 'Clark', 'anna13@alvarado.biz', '1999-11-06', 'University of New England', 5441477303);
INSERT INTO ticket_owner_information (participant_tc, participant_name, participant_surname, participant_email, participant_birtday, participant_university, participant_phone) VALUES (20368871950, 'Amanda', 'Hicks', 'hansonalexander@hotmail.com', '2000-05-10', 'BGC Trust University, Bangladesh', 5419609413);
INSERT INTO ticket_owner_information (participant_tc, participant_name, participant_surname, participant_email, participant_birtday, participant_university, participant_phone) VALUES (20430032001, 'Jacqueline', 'Alvarez', 'clementsapril@hotmail.com', '1991-08-18', 'Karwan Institute of Higher Education', 5453668583);
INSERT INTO ticket_owner_information (participant_tc, participant_name, participant_surname, participant_email, participant_birtday, participant_university, participant_phone) VALUES (20744903019, 'Victoria', 'Davis', 'boydjesse@jackson.com', '2002-08-23', 'Australian Lutheran College', 5452018082);
INSERT INTO ticket_owner_information (participant_tc, participant_name, participant_surname, participant_email, participant_birtday, participant_university, participant_phone) VALUES (20858268259, 'Isaiah', 'Cooper', 'eguerrero@yahoo.com', '1998-02-05', 'Masdar University Of Science And Technology', 5438597400);
INSERT INTO ticket_owner_information (participant_tc, participant_name, participant_surname, participant_email, participant_birtday, participant_university, participant_phone) VALUES (21735003393, 'Jimmy', 'Washington', 'xvasquez@gmail.com', '1998-08-09', 'Thierry Graduate School of Leadership', 5424070344);
INSERT INTO ticket_owner_information (participant_tc, participant_name, participant_surname, participant_email, participant_birtday, participant_university, participant_phone) VALUES (21888045718, 'Chase', 'Leonard', 'ronaldgolden@yahoo.com', '1995-11-21', 'Universität für Bodenkultur Wien', 5430281414);
INSERT INTO ticket_owner_information (participant_tc, participant_name, participant_surname, participant_email, participant_birtday, participant_university, participant_phone) VALUES (22045747029, 'Tina', 'Watson', 'sherryjohnson@gmail.com', '1997-09-22', 'Univesidade Agostinho Neto', 5453307703);
INSERT INTO ticket_owner_information (participant_tc, participant_name, participant_surname, participant_email, participant_birtday, participant_university, participant_phone) VALUES (22303108647, 'Timothy', 'Webster', 'brad94@bautista.com', '2001-11-16', 'Université Catholique de Louvain', 5443314702);
INSERT INTO ticket_owner_information (participant_tc, participant_name, participant_surname, participant_email, participant_birtday, participant_university, participant_phone) VALUES (22322209415, 'Robert', 'Cline', 'allenelizabeth@gmail.com', '1994-02-14', 'Dhaka International University', 5429434534);
INSERT INTO ticket_owner_information (participant_tc, participant_name, participant_surname, participant_email, participant_birtday, participant_university, participant_phone) VALUES (22608240854, 'Steven', 'Strickland', 'rachelclark@yahoo.com', '1996-10-26', 'Synergy University, Dubai Campus', 5456805209);
INSERT INTO ticket_owner_information (participant_tc, participant_name, participant_surname, participant_email, participant_birtday, participant_university, participant_phone) VALUES (22806198917, 'Darlene', 'Flores', 'nguyenanthony@yahoo.com', '1997-08-04', 'Katholieke Hogeschool Limburg', 5428241540);
INSERT INTO ticket_owner_information (participant_tc, participant_name, participant_surname, participant_email, participant_birtday, participant_university, participant_phone) VALUES (23051975926, 'Amanda', 'Gill', 'pachecobrittany@gmail.com', '1993-05-28', 'Azerbaijan University', 5424101948);
INSERT INTO ticket_owner_information (participant_tc, participant_name, participant_surname, participant_email, participant_birtday, participant_university, participant_phone) VALUES (23057959120, 'Kevin', 'Lewis', 'tiffanymccoy@sullivan.biz', '2001-05-14', 'Continental Theological Seminary', 5449066381);
INSERT INTO ticket_owner_information (participant_tc, participant_name, participant_surname, participant_email, participant_birtday, participant_university, participant_phone) VALUES (23191711795, 'Helen', 'Garner', 'breannajames@yahoo.com', '1990-01-27', 'Kabul University', 5425274780);
INSERT INTO ticket_owner_information (participant_tc, participant_name, participant_surname, participant_email, participant_birtday, participant_university, participant_phone) VALUES (23426194518, 'Juan', 'Webster', 'dyoung@potts.net', '2000-03-01', 'Fachhochschule Vorarlberg', 5437336256);
INSERT INTO ticket_owner_information (participant_tc, participant_name, participant_surname, participant_email, participant_birtday, participant_university, participant_phone) VALUES (23585743605, 'Steven', 'Griffin', 'williamjackson@yahoo.com', '1994-11-27', 'Asian University of Bangladesh', 5420928028);
INSERT INTO ticket_owner_information (participant_tc, participant_name, participant_surname, participant_email, participant_birtday, participant_university, participant_phone) VALUES (23777007666, 'Raven', 'Acosta', 'davistammy@thomas.net', '1996-05-11', 'Universidad Nacional de La Matanza', 5418722159);
INSERT INTO ticket_owner_information (participant_tc, participant_name, participant_surname, participant_email, participant_birtday, participant_university, participant_phone) VALUES (24117342157, 'Mark', 'Nguyen', 'philip11@hotmail.com', '2000-08-25', 'University of Tuzla', 5446430601);
INSERT INTO ticket_owner_information (participant_tc, participant_name, participant_surname, participant_email, participant_birtday, participant_university, participant_phone) VALUES (24330369584, 'Cassandra', 'Conway', 'wilsonlori@hotmail.com', '1994-05-04', 'Universidad Católica de Córdoba', 5455990375);
INSERT INTO ticket_owner_information (participant_tc, participant_name, participant_surname, participant_email, participant_birtday, participant_university, participant_phone) VALUES (24952923496, 'Melissa', 'Austin', 'herringcharles@garcia.com', '1990-01-06', 'Kabul Health Sciences Institute', 5455967488);
INSERT INTO ticket_owner_information (participant_tc, participant_name, participant_surname, participant_email, participant_birtday, participant_university, participant_phone) VALUES (25231565161, 'David', 'Rogers', 'williamsroy@yahoo.com', '1993-11-23', 'Western University', 5420452008);
INSERT INTO ticket_owner_information (participant_tc, participant_name, participant_surname, participant_email, participant_birtday, participant_university, participant_phone) VALUES (25427179926, 'Sara', 'Thompson', 'erika57@gmail.com', '1993-10-03', 'European Carolus Magnus University', 5450012168);
INSERT INTO ticket_owner_information (participant_tc, participant_name, participant_surname, participant_email, participant_birtday, participant_university, participant_phone) VALUES (25768099755, 'Troy', 'Hamilton', 'zhopkins@luna-hebert.com', '1999-01-07', 'University of Sharjah', 5442469588);
INSERT INTO ticket_owner_information (participant_tc, participant_name, participant_surname, participant_email, participant_birtday, participant_university, participant_phone) VALUES (25830995103, 'Cheyenne', 'Jones', 'laneaaron@scott-morales.com', '1994-03-04', 'New Bulgarian University', 5428921966);
INSERT INTO ticket_owner_information (participant_tc, participant_name, participant_surname, participant_email, participant_birtday, participant_university, participant_phone) VALUES (25905777883, 'Alexandra', 'Smith', 'julie12@gmail.com', '2001-12-27', 'American University of Tirana', 5441472589);
INSERT INTO ticket_owner_information (participant_tc, participant_name, participant_surname, participant_email, participant_birtday, participant_university, participant_phone) VALUES (25994272512, 'Glenn', 'Michael', 'carrollkayla@phillips.net', '1995-08-13', 'MCI-Management Center Innsbruck', 5437662969);
INSERT INTO ticket_owner_information (participant_tc, participant_name, participant_surname, participant_email, participant_birtday, participant_university, participant_phone) VALUES (26264986121, 'Victor', 'Marshall', 'xgonzalez@schaefer.com', '1991-04-02', 'Islamic University Kushtia', 5423810075);
INSERT INTO ticket_owner_information (participant_tc, participant_name, participant_surname, participant_email, participant_birtday, participant_university, participant_phone) VALUES (26299614171, 'Rebecca', 'Griffin', 'uschwartz@yahoo.com', '1998-01-23', 'Universität Linz', 5437656042);
INSERT INTO ticket_owner_information (participant_tc, participant_name, participant_surname, participant_email, participant_birtday, participant_university, participant_phone) VALUES (26453801051, 'Paul', 'Johnson', 'robert36@martinez-thompson.com', '2002-09-13', 'Polytechnical University of Kabul', 5448584433);
INSERT INTO ticket_owner_information (participant_tc, participant_name, participant_surname, participant_email, participant_birtday, participant_university, participant_phone) VALUES (26705920755, 'David', 'Diaz', 'nbaird@atkins.org', '2000-04-06', 'Universidad Nacional del Centro de la Provincia de Buenos Aires', 5434081720);
INSERT INTO ticket_owner_information (participant_tc, participant_name, participant_surname, participant_email, participant_birtday, participant_university, participant_phone) VALUES (26717343128, 'Helen', 'Erickson', 'ijackson@gmail.com', '1995-10-03', 'Dubai Medical College for Girls', 5443915302);
INSERT INTO ticket_owner_information (participant_tc, participant_name, participant_surname, participant_email, participant_birtday, participant_university, participant_phone) VALUES (26815467316, 'Paula', 'Hurley', 'joshua33@ayala.com', '1992-09-15', 'Facultés Universitaires Notre-Dame de la Paix', 5424943185);
INSERT INTO ticket_owner_information (participant_tc, participant_name, participant_surname, participant_email, participant_birtday, participant_university, participant_phone) VALUES (26962250251, 'Bradley', 'Thomas', 'tyler02@yahoo.com', '1999-09-19', 'Azerbaijan Technical University', 5444040664);
INSERT INTO ticket_owner_information (participant_tc, participant_name, participant_surname, participant_email, participant_birtday, participant_university, participant_phone) VALUES (27058272788, 'Alex', 'Davis', 'smithmichael@hotmail.com', '1999-11-12', 'James Cook University of North Queensland', 5418446861);
INSERT INTO ticket_owner_information (participant_tc, participant_name, participant_surname, participant_email, participant_birtday, participant_university, participant_phone) VALUES (27079340981, 'Henry', 'Branch', 'ballardjill@hotmail.com', '2001-04-28', 'Shahjalal University of Science and Technology', 5457504584);
INSERT INTO ticket_owner_information (participant_tc, participant_name, participant_surname, participant_email, participant_birtday, participant_university, participant_phone) VALUES (27354488752, 'Caitlin', 'Hernandez', 'amy95@gmail.com', '1997-12-04', 'Sofia University "St. Kliment Ohridski"', 5419885675);
INSERT INTO ticket_owner_information (participant_tc, participant_name, participant_surname, participant_email, participant_birtday, participant_university, participant_phone) VALUES (27377765878, 'Sandra', 'Allen', 'westcarol@hotmail.com', '2001-10-26', 'Instituto Universitario de Estudios Navales y Marítimos', 5427289652);
INSERT INTO ticket_owner_information (participant_tc, participant_name, participant_surname, participant_email, participant_birtday, participant_university, participant_phone) VALUES (27643084205, 'Justin', 'Jones', 'jeffrey42@roth-tucker.com', '1998-06-04', 'Universidad de la Fraternidad de Agrupaciones Santo Tomas de Aquino (FASTA)', 5421513961);
INSERT INTO ticket_owner_information (participant_tc, participant_name, participant_surname, participant_email, participant_birtday, participant_university, participant_phone) VALUES (27653748527, 'Richard', 'Williams', 'jacqueline30@gmail.com', '1999-08-25', 'Universidad Nacional de La Rioja', 5444545664);
INSERT INTO ticket_owner_information (participant_tc, participant_name, participant_surname, participant_email, participant_birtday, participant_university, participant_phone) VALUES (27755150594, 'Veronica', 'Reed', 'frenchpeter@owens-mclean.net', '1998-03-20', 'Beder University', 5418910728);
INSERT INTO ticket_owner_information (participant_tc, participant_name, participant_surname, participant_email, participant_birtday, participant_university, participant_phone) VALUES (27768267437, 'Trevor', 'Davis', 'colin88@franklin.com', '1994-04-13', 'Universidad Argentina de la Empresa', 5429955921);
INSERT INTO ticket_owner_information (participant_tc, participant_name, participant_surname, participant_email, participant_birtday, participant_university, participant_phone) VALUES (28030070331, 'Johnathan', 'Stevens', 'myersandrea@johnson-ramirez.com', '1994-10-11', 'North South University', 5434022476);
INSERT INTO ticket_owner_information (participant_tc, participant_name, participant_surname, participant_email, participant_birtday, participant_university, participant_phone) VALUES (28061151105, 'Faith', 'Mueller', 'mary13@walters.org', '1994-05-28', 'Azerbaijan International University', 5447669810);
INSERT INTO ticket_owner_information (participant_tc, participant_name, participant_surname, participant_email, participant_birtday, participant_university, participant_phone) VALUES (28080681021, 'Walter', 'Klein', 'kristiharrell@hotmail.com', '2002-12-08', 'Paktia University', 5454325979);
INSERT INTO ticket_owner_information (participant_tc, participant_name, participant_surname, participant_email, participant_birtday, participant_university, participant_phone) VALUES (28286263117, 'Matthew', 'Schmidt', 'justin08@montoya-crane.com', '1999-04-02', 'Parwan University', 5446305589);
INSERT INTO ticket_owner_information (participant_tc, participant_name, participant_surname, participant_email, participant_birtday, participant_university, participant_phone) VALUES (28438092116, 'James', 'Johnson', 'cody57@hotmail.com', '2000-12-22', 'Hogere Zeevaartschool - Maritime Academy', 5439643836);
INSERT INTO ticket_owner_information (participant_tc, participant_name, participant_surname, participant_email, participant_birtday, participant_university, participant_phone) VALUES (28588106172, 'Brandon', 'Hurst', 'theresa02@gmail.com', '1999-10-01', 'University of Western Australia', 5437388187);
INSERT INTO ticket_owner_information (participant_tc, participant_name, participant_surname, participant_email, participant_birtday, participant_university, participant_phone) VALUES (28598286439, 'Janet', 'Long', 'christophermcdaniel@gmail.com', '2002-09-19', 'Hogeschool voor Wetenschap en Kunst (VLEKHO), Brussel', 5455870451);
INSERT INTO ticket_owner_information (participant_tc, participant_name, participant_surname, participant_email, participant_birtday, participant_university, participant_phone) VALUES (28847529983, 'Mark', 'Patel', 'rubiojennifer@dixon.com', '1991-09-21', 'Baki Business University', 5422693793);
INSERT INTO ticket_owner_information (participant_tc, participant_name, participant_surname, participant_email, participant_birtday, participant_university, participant_phone) VALUES (29062322050, 'Rebecca', 'Carter', 'larry30@bentley.net', '2001-09-27', 'Sadat Institute of Higher Education', 5440384196);
INSERT INTO ticket_owner_information (participant_tc, participant_name, participant_surname, participant_email, participant_birtday, participant_university, participant_phone) VALUES (29559793948, 'April', 'Gardner', 'joelrivers@gmail.com', '2002-05-16', 'Balkh University', 5437101039);
INSERT INTO ticket_owner_information (participant_tc, participant_name, participant_surname, participant_email, participant_birtday, participant_university, participant_phone) VALUES (29919297753, 'Rachel', 'Larsen', 'jmitchell@medina.com', '1990-05-05', 'Sylhet International University', 5455182079);
INSERT INTO ticket_owner_information (participant_tc, participant_name, participant_surname, participant_email, participant_birtday, participant_university, participant_phone) VALUES (29941975447, 'Carlos', 'Parrish', 'ublair@miller.info', '1994-10-02', 'Universidad Nacional de Lanus', 5438466252);
INSERT INTO ticket_owner_information (participant_tc, participant_name, participant_surname, participant_email, participant_birtday, participant_university, participant_phone) VALUES (30255781040, 'Timothy', 'Johnson', 'gregory29@petersen.biz', '2001-04-01', 'University of Tirana', 5420253998);
INSERT INTO ticket_owner_information (participant_tc, participant_name, participant_surname, participant_email, participant_birtday, participant_university, participant_phone) VALUES (30769132140, 'Edgar', 'Lamb', 'kellypowell@reyes.com', '1990-01-04', 'Universidad Nacional de Córdoba', 5439134064);
INSERT INTO ticket_owner_information (participant_tc, participant_name, participant_surname, participant_email, participant_birtday, participant_university, participant_phone) VALUES (30911007780, 'Susan', 'Cross', 'jenniferdyer@boyd.com', '1996-12-27', 'Instituto Universitario de la Policia Federal', 5445831383);
INSERT INTO ticket_owner_information (participant_tc, participant_name, participant_surname, participant_email, participant_birtday, participant_university, participant_phone) VALUES (31051509152, 'Kristin', 'Leonard', 'bryantchris@hotmail.com', '1995-10-12', 'Facultés Universitaires Saint-Louis', 5434502720);
INSERT INTO ticket_owner_information (participant_tc, participant_name, participant_surname, participant_email, participant_birtday, participant_university, participant_phone) VALUES (31063577378, 'Daniel', 'Phillips', 'warderik@williams.com', '2002-04-27', 'Universidad Nacional de La Plata', 5428303102);
INSERT INTO ticket_owner_information (participant_tc, participant_name, participant_surname, participant_email, participant_birtday, participant_university, participant_phone) VALUES (31087434216, 'Lisa', 'Davis', 'megan50@yahoo.com', '1999-03-15', 'British University in Dubai', 5442551730);
INSERT INTO ticket_owner_information (participant_tc, participant_name, participant_surname, participant_email, participant_birtday, participant_university, participant_phone) VALUES (31223114393, 'Diana', 'Fleming', 'jessicadudley@moore-willis.com', '1998-07-22', 'Universität Graz', 5426865714);
INSERT INTO ticket_owner_information (participant_tc, participant_name, participant_surname, participant_email, participant_birtday, participant_university, participant_phone) VALUES (31277126541, 'Laura', 'Winters', 'hillgregory@hernandez.org', '1994-09-28', 'Universidad Nacional de La Pampa', 5423292629);
INSERT INTO ticket_owner_information (participant_tc, participant_name, participant_surname, participant_email, participant_birtday, participant_university, participant_phone) VALUES (31317599566, 'Patrick', 'Clark', 'tuckernicholas@yahoo.com', '2001-03-22', 'Donau-Universität Krems', 5426625331);
INSERT INTO ticket_owner_information (participant_tc, participant_name, participant_surname, participant_email, participant_birtday, participant_university, participant_phone) VALUES (31606394253, 'Keith', 'Hill', 'garycook@copeland.com', '2001-09-17', 'Azerbaijan State Economic University', 5434472602);
INSERT INTO ticket_owner_information (participant_tc, participant_name, participant_surname, participant_email, participant_birtday, participant_university, participant_phone) VALUES (31852102726, 'Michael', 'Ryan', 'allison01@gmail.com', '1995-12-23', 'Comilla University', 5429466107);
INSERT INTO ticket_owner_information (participant_tc, participant_name, participant_surname, participant_email, participant_birtday, participant_university, participant_phone) VALUES (31882818471, 'Mariah', 'White', 'johnrice@hotmail.com', '1999-10-13', 'Nakhchivan State University', 5419407871);
INSERT INTO ticket_owner_information (participant_tc, participant_name, participant_surname, participant_email, participant_birtday, participant_university, participant_phone) VALUES (32087788957, 'Robert', 'Rivera', 'kelli03@yahoo.com', '1994-09-17', 'Jumeira University', 5451097671);
INSERT INTO ticket_owner_information (participant_tc, participant_name, participant_surname, participant_email, participant_birtday, participant_university, participant_phone) VALUES (32092522083, 'Darrell', 'Mendez', 'thompsonsean@gmail.com', '1999-06-19', 'Katholieke Universiteit Leuven, Campus Kortrijk', 5452361846);
INSERT INTO ticket_owner_information (participant_tc, participant_name, participant_surname, participant_email, participant_birtday, participant_university, participant_phone) VALUES (32210853821, 'Frank', 'Johnson', 'milesteresa@green-rivera.biz', '2002-08-08', 'Daffodil International University', 5446775546);
INSERT INTO ticket_owner_information (participant_tc, participant_name, participant_surname, participant_email, participant_birtday, participant_university, participant_phone) VALUES (32338397942, 'Kristen', 'Moreno', 'twilliams@hotmail.com', '1995-12-03', 'Hogeschool Antwerpen', 5422546327);
INSERT INTO ticket_owner_information (participant_tc, participant_name, participant_surname, participant_email, participant_birtday, participant_university, participant_phone) VALUES (32446318986, 'Samuel', 'Reynolds', 'julierogers@sutton.biz', '1992-08-16', 'The Petroleum Institute', 5419534662);
INSERT INTO ticket_owner_information (participant_tc, participant_name, participant_surname, participant_email, participant_birtday, participant_university, participant_phone) VALUES (32564127643, 'Garrett', 'Smith', 'kgardner@berg.com', '1992-10-01', 'Faculté Polytechnique de Mons', 5441854689);
INSERT INTO ticket_owner_information (participant_tc, participant_name, participant_surname, participant_email, participant_birtday, participant_university, participant_phone) VALUES (33010156893, 'Dwayne', 'Lee', 'hjohnson@dunn.com', '1993-12-25', 'Bangabandhu Sheikh Mujibur Rahman Agricultural University', 5437499471);
INSERT INTO ticket_owner_information (participant_tc, participant_name, participant_surname, participant_email, participant_birtday, participant_university, participant_phone) VALUES (33146701555, 'Catherine', 'Hernandez', 'xcoleman@lopez-young.com', '1996-09-27', 'Baku Slavic University', 5422251163);
INSERT INTO ticket_owner_information (participant_tc, participant_name, participant_surname, participant_email, participant_birtday, participant_university, participant_phone) VALUES (33907829088, 'Aaron', 'Doyle', 'benjaminwade@hotmail.com', '1995-04-01', 'International Islamic University Chittagong', 5426614715);
INSERT INTO ticket_owner_information (participant_tc, participant_name, participant_surname, participant_email, participant_birtday, participant_university, participant_phone) VALUES (34140444872, 'Ann', 'Clarke', 'adambaker@olson.com', '2000-10-28', 'Jawzjan University', 5453754802);
INSERT INTO ticket_owner_information (participant_tc, participant_name, participant_surname, participant_email, participant_birtday, participant_university, participant_phone) VALUES (34446587144, 'Kirk', 'Valentine', 'lisagray@white.com', '1995-05-10', 'Instituto de Enseñanza Superior del Ejército', 5427853645);
INSERT INTO ticket_owner_information (participant_tc, participant_name, participant_surname, participant_email, participant_birtday, participant_university, participant_phone) VALUES (34504372887, 'Tara', 'Wright', 'longbrittany@wilson-brooks.info', '1997-08-17', 'Universidad Católica de Salta', 5436564840);
INSERT INTO ticket_owner_information (participant_tc, participant_name, participant_surname, participant_email, participant_birtday, participant_university, participant_phone) VALUES (35124964788, 'Lindsay', 'Parker', 'lowerysteven@gmail.com', '1993-01-10', 'American University', 5422521580);
INSERT INTO ticket_owner_information (participant_tc, participant_name, participant_surname, participant_email, participant_birtday, participant_university, participant_phone) VALUES (35150039383, 'Michael', 'Robinson', 'steven29@gmail.com', '1997-01-27', 'Universität Salzburg', 5420400747);
INSERT INTO ticket_owner_information (participant_tc, participant_name, participant_surname, participant_email, participant_birtday, participant_university, participant_phone) VALUES (35209423351, 'Angela', 'Watson', 'vortiz@huang-parsons.com', '2001-02-02', 'National Sports Academy Sofia', 5419744358);
INSERT INTO ticket_owner_information (participant_tc, participant_name, participant_surname, participant_email, participant_birtday, participant_university, participant_phone) VALUES (35280358923, 'Laurie', 'Sanders', 'briannalopez@thompson-herman.org', '1997-12-07', 'University of Technology Sydney', 5438099405);
INSERT INTO ticket_owner_information (participant_tc, participant_name, participant_surname, participant_email, participant_birtday, participant_university, participant_phone) VALUES (35286089965, 'Jeremy', 'Ryan', 'xanthony@hotmail.com', '1992-04-25', 'Wirtschaftsuniversität Wien', 5424436097);
INSERT INTO ticket_owner_information (participant_tc, participant_name, participant_surname, participant_email, participant_birtday, participant_university, participant_phone) VALUES (35574863647, 'Shane', 'Bryant', 'tburgess@yahoo.com', '1999-12-14', 'Khulna University of Engineering And Technology', 5454001774);
INSERT INTO ticket_owner_information (participant_tc, participant_name, participant_surname, participant_email, participant_birtday, participant_university, participant_phone) VALUES (35895441050, 'Donna', 'Smith', 'lperry@yahoo.com', '1993-05-25', 'Academy of Arts', 5458240604);
INSERT INTO ticket_owner_information (participant_tc, participant_name, participant_surname, participant_email, participant_birtday, participant_university, participant_phone) VALUES (35960254593, 'Molly', 'Terry', 'browntiffany@flores.com', '1999-04-03', 'Brac University', 5454296846);
INSERT INTO ticket_owner_information (participant_tc, participant_name, participant_surname, participant_email, participant_birtday, participant_university, participant_phone) VALUES (36122552357, 'Melanie', 'Williams', 'michael52@walker.org', '1994-08-20', 'Macquarie University', 5446126912);
INSERT INTO ticket_owner_information (participant_tc, participant_name, participant_surname, participant_email, participant_birtday, participant_university, participant_phone) VALUES (36256216620, 'Sandra', 'Rodriguez', 'thompsonkimberly@hotmail.com', '2002-11-21', 'Avondale College', 5422115530);
INSERT INTO ticket_owner_information (participant_tc, participant_name, participant_surname, participant_email, participant_birtday, participant_university, participant_phone) VALUES (36633052254, 'Maria', 'Adams', 'wbrown@yahoo.com', '1997-10-04', 'Rochester Institute of Technology, Dubai', 5449270030);
INSERT INTO ticket_owner_information (participant_tc, participant_name, participant_surname, participant_email, participant_birtday, participant_university, participant_phone) VALUES (36969323466, 'Tom', 'Garcia', 'cristinacook@hotmail.com', '1996-06-24', 'Northern University Bangladesh', 5433139116);
INSERT INTO ticket_owner_information (participant_tc, participant_name, participant_surname, participant_email, participant_birtday, participant_university, participant_phone) VALUES (36988567343, 'Megan', 'Austin', 'lindseypaul@cox-baker.com', '1998-02-02', 'City University', 5442267112);
INSERT INTO ticket_owner_information (participant_tc, participant_name, participant_surname, participant_email, participant_birtday, participant_university, participant_phone) VALUES (37035035239, 'Joe', 'Hall', 'pnguyen@schneider-hooper.com', '1992-05-18', 'Universidad Autónoma de Entre Ríos', 5449514286);
INSERT INTO ticket_owner_information (participant_tc, participant_name, participant_surname, participant_email, participant_birtday, participant_university, participant_phone) VALUES (37052283698, 'Anna', 'Buchanan', 'tthompson@collins.com', '1995-06-17', 'Fachhochschulstudiengänge der Wiener Wirtschaft', 5426574668);
INSERT INTO ticket_owner_information (participant_tc, participant_name, participant_surname, participant_email, participant_birtday, participant_university, participant_phone) VALUES (37275043273, 'Michelle', 'Doyle', 'deborah56@hotmail.com', '1991-11-03', 'Khalifa University of Science, Technology and Research', 5439736111);
INSERT INTO ticket_owner_information (participant_tc, participant_name, participant_surname, participant_email, participant_birtday, participant_university, participant_phone) VALUES (37334083763, 'Cameron', 'Smith', 'tina34@hotmail.com', '1996-09-10', 'University of Canberra', 5454644549);
INSERT INTO ticket_owner_information (participant_tc, participant_name, participant_surname, participant_email, participant_birtday, participant_university, participant_phone) VALUES (37696768464, 'Beth', 'Garza', 'kimberly05@yahoo.com', '1998-08-27', 'Blue Mountains Hotel School', 5442709854);
INSERT INTO ticket_owner_information (participant_tc, participant_name, participant_surname, participant_email, participant_birtday, participant_university, participant_phone) VALUES (37760376680, 'John', 'Peters', 'zachary27@hotmail.com', '1992-10-26', 'Bangladesh University of Professionals', 5420981381);
INSERT INTO ticket_owner_information (participant_tc, participant_name, participant_surname, participant_email, participant_birtday, participant_university, participant_phone) VALUES (38183216267, 'Justin', 'Stein', 'frederickvickie@yahoo.com', '2002-12-15', 'Salam University', 5426840589);
INSERT INTO ticket_owner_information (participant_tc, participant_name, participant_surname, participant_email, participant_birtday, participant_university, participant_phone) VALUES (38265469798, 'Seth', 'Wong', 'jennifer87@hotmail.com', '1999-04-09', 'International University of Travnik', 5431733381);
INSERT INTO ticket_owner_information (participant_tc, participant_name, participant_surname, participant_email, participant_birtday, participant_university, participant_phone) VALUES (38300488275, 'Tracy', 'Davis', 'hryan@hotmail.com', '1991-08-23', 'Azerbaijan Medical University', 5419299206);
INSERT INTO ticket_owner_information (participant_tc, participant_name, participant_surname, participant_email, participant_birtday, participant_university, participant_phone) VALUES (38541584410, 'Patricia', 'Briggs', 'ablack@cook.biz', '1993-09-04', 'University of East Srarajevo', 5442675767);
INSERT INTO ticket_owner_information (participant_tc, participant_name, participant_surname, participant_email, participant_birtday, participant_university, participant_phone) VALUES (38947066166, 'Thomas', 'Hansen', 'tuckerbradley@hotmail.com', '2000-08-20', 'University of Melbourne', 5453319847);
INSERT INTO ticket_owner_information (participant_tc, participant_name, participant_surname, participant_email, participant_birtday, participant_university, participant_phone) VALUES (39259226678, 'Terri', 'Mcdonald', 'george37@gmail.com', '1996-04-04', 'Facultés Universitaires Catholiques de Mons', 5436573316);
INSERT INTO ticket_owner_information (participant_tc, participant_name, participant_surname, participant_email, participant_birtday, participant_university, participant_phone) VALUES (39462863153, 'Kenneth', 'Lynch', 'terry67@gmail.com', '2000-12-03', 'Higher Colleges of Technology', 5452674067);
INSERT INTO ticket_owner_information (participant_tc, participant_name, participant_surname, participant_email, participant_birtday, participant_university, participant_phone) VALUES (39493015687, 'Bryan', 'Gallegos', 'steven08@hotmail.com', '1997-05-17', 'Polytechnic University of Tirane', 5448952319);
INSERT INTO ticket_owner_information (participant_tc, participant_name, participant_surname, participant_email, participant_birtday, participant_university, participant_phone) VALUES (39561400254, 'Brian', 'Warren', 'rebeccanelson@taylor.com', '2001-11-23', 'City University Programs in Bulgaria ', 5431967377);
INSERT INTO ticket_owner_information (participant_tc, participant_name, participant_surname, participant_email, participant_birtday, participant_university, participant_phone) VALUES (39619372064, 'Deborah', 'Wilkins', 'jamescampbell@morgan-henderson.info', '2001-11-12', 'Pabna University of Science and Technology', 5424152948);
INSERT INTO ticket_owner_information (participant_tc, participant_name, participant_surname, participant_email, participant_birtday, participant_university, participant_phone) VALUES (40257444613, 'Michael', 'Powell', 'patriciabell@gmail.com', '1993-07-22', 'Batchelor Institute of Indigenous Tertiary Education', 5450207992);
INSERT INTO ticket_owner_information (participant_tc, participant_name, participant_surname, participant_email, participant_birtday, participant_university, participant_phone) VALUES (40478763904, 'Joseph', 'Parker', 'lowesarah@berry-singleton.com', '1999-09-19', 'Monash University', 5435695179);
INSERT INTO ticket_owner_information (participant_tc, participant_name, participant_surname, participant_email, participant_birtday, participant_university, participant_phone) VALUES (40567924538, 'Patrick', 'King', 'robinsonbriana@hotmail.com', '2000-09-13', 'Alhosn University', 5451145797);
INSERT INTO ticket_owner_information (participant_tc, participant_name, participant_surname, participant_email, participant_birtday, participant_university, participant_phone) VALUES (40762749056, 'Chase', 'Bowen', 'yvonneramos@hotmail.com', '1993-04-08', 'Universidad Nacional de Mar del Plata', 5452294861);
INSERT INTO ticket_owner_information (participant_tc, participant_name, participant_surname, participant_email, participant_birtday, participant_university, participant_phone) VALUES (41819878226, 'Maria', 'Cooper', 'dparrish@hotmail.com', '1994-01-28', 'American College Of Dubai', 5453457110);
INSERT INTO ticket_owner_information (participant_tc, participant_name, participant_surname, participant_email, participant_birtday, participant_university, participant_phone) VALUES (41864151956, 'Christopher', 'Reed', 'meredith53@hampton.info', '1990-10-03', 'Fachhochschule Wiener Neustadt', 5455185339);
INSERT INTO ticket_owner_information (participant_tc, participant_name, participant_surname, participant_email, participant_birtday, participant_university, participant_phone) VALUES (42154085776, 'Michael', 'May', 'ngardner@yahoo.com', '2001-10-14', 'Asa University Bangladesh', 5453542762);
INSERT INTO ticket_owner_information (participant_tc, participant_name, participant_surname, participant_email, participant_birtday, participant_university, participant_phone) VALUES (42303885383, 'Albert', 'Gill', 'elizabeth78@yahoo.com', '1997-12-16', 'Independent University, Bangladesh', 5443156168);
INSERT INTO ticket_owner_information (participant_tc, participant_name, participant_surname, participant_email, participant_birtday, participant_university, participant_phone) VALUES (42418295891, 'Anna', 'Cannon', 'lisarichardson@vargas.com', '1992-10-10', 'Australian Defence Force Academy', 5424956376);
INSERT INTO ticket_owner_information (participant_tc, participant_name, participant_surname, participant_email, participant_birtday, participant_university, participant_phone) VALUES (42703135170, 'Jennifer', 'Fisher', 'hannajohn@hotmail.com', '1994-07-23', 'Hogeschool voor Wetenschap & Kunst', 5429749178);
INSERT INTO ticket_owner_information (participant_tc, participant_name, participant_surname, participant_email, participant_birtday, participant_university, participant_phone) VALUES (43129006901, 'Kelli', 'Manning', 'jeremiahhall@franco-carr.com', '2001-12-04', 'Universidad Nacional de Santiago del Estero', 5421334734);
INSERT INTO ticket_owner_information (participant_tc, participant_name, participant_surname, participant_email, participant_birtday, participant_university, participant_phone) VALUES (43208974095, 'Amy', 'Thompson', 'tanyahenderson@ortega.org', '1994-11-28', 'Khana-e-Noor Institute of Higher Education', 5457882075);
INSERT INTO ticket_owner_information (participant_tc, participant_name, participant_surname, participant_email, participant_birtday, participant_university, participant_phone) VALUES (43710210985, 'Thomas', 'Chapman', 'kevin68@hotmail.com', '1992-09-04', 'American University in Bulgaria', 5429787642);
INSERT INTO ticket_owner_information (participant_tc, participant_name, participant_surname, participant_email, participant_birtday, participant_university, participant_phone) VALUES (43921262988, 'Maria', 'Smith', 'christina91@cervantes.biz', '1993-09-04', 'University of Forestry Sofia', 5437342556);
INSERT INTO ticket_owner_information (participant_tc, participant_name, participant_surname, participant_email, participant_birtday, participant_university, participant_phone) VALUES (44261738724, 'Alexander', 'Taylor', 'grayerica@yahoo.com', '1997-11-28', 'Kardan University', 5429842725);
INSERT INTO ticket_owner_information (participant_tc, participant_name, participant_surname, participant_email, participant_birtday, participant_university, participant_phone) VALUES (44355165948, 'Leslie', 'Hartman', 'harrispamela@gould.info', '1990-09-26', 'Al Khawarizmi International College', 5446066302);
INSERT INTO ticket_owner_information (participant_tc, participant_name, participant_surname, participant_email, participant_birtday, participant_university, participant_phone) VALUES (44437524929, 'Craig', 'Matthews', 'lewisphillip@yahoo.com', '1992-03-05', 'Universidad Nacional del Sur', 5428515345);
INSERT INTO ticket_owner_information (participant_tc, participant_name, participant_surname, participant_email, participant_birtday, participant_university, participant_phone) VALUES (44749515121, 'Margaret', 'Yates', 'shafferlogan@gmail.com', '2001-06-13', 'University of Economics Varna', 5457436968);
INSERT INTO ticket_owner_information (participant_tc, participant_name, participant_surname, participant_email, participant_birtday, participant_university, participant_phone) VALUES (44822527956, 'Isabel', 'Ingram', 'deanna08@gmail.com', '1992-10-11', 'Institute of Science and Technology', 5429809198);
INSERT INTO ticket_owner_information (participant_tc, participant_name, participant_surname, participant_email, participant_birtday, participant_university, participant_phone) VALUES (44836928820, 'Melody', 'Hall', 'erinfleming@gmail.com', '1996-08-23', 'Yerevan State University', 5434118697);
INSERT INTO ticket_owner_information (participant_tc, participant_name, participant_surname, participant_email, participant_birtday, participant_university, participant_phone) VALUES (44894251276, 'Sarah', 'Mack', 'rebecca84@hotmail.com', '1998-08-26', 'ECAM - Institut Supérieur Industriel', 5423581555);
INSERT INTO ticket_owner_information (participant_tc, participant_name, participant_surname, participant_email, participant_birtday, participant_university, participant_phone) VALUES (45006363378, 'Michael', 'Campbell', 'pblack@horn-ramsey.info', '1990-01-11', 'University of Divinity', 5422674867);
INSERT INTO ticket_owner_information (participant_tc, participant_name, participant_surname, participant_email, participant_birtday, participant_university, participant_phone) VALUES (45044725556, 'Sharon', 'Valdez', 'nkennedy@velez.net', '1994-12-07', 'Universidad Adventista del Plata', 5456361532);
INSERT INTO ticket_owner_information (participant_tc, participant_name, participant_surname, participant_email, participant_birtday, participant_university, participant_phone) VALUES (45115847655, 'Jeffrey', 'Erickson', 'derekmcclain@ramirez.com', '1991-07-23', 'Universiteit Gent', 5430979294);
INSERT INTO ticket_owner_information (participant_tc, participant_name, participant_surname, participant_email, participant_birtday, participant_university, participant_phone) VALUES (45149228765, 'Breanna', 'Alvarez', 'jasminehuff@hotmail.com', '1997-12-06', 'American International University - Bangladesh', 5446474264);
INSERT INTO ticket_owner_information (participant_tc, participant_name, participant_surname, participant_email, participant_birtday, participant_university, participant_phone) VALUES (45458320847, 'Michael', 'Austin', 'mark00@yahoo.com', '1998-06-20', 'Azerbaijan University ol Languages', 5431452062);
INSERT INTO ticket_owner_information (participant_tc, participant_name, participant_surname, participant_email, participant_birtday, participant_university, participant_phone) VALUES (45639748397, 'Denise', 'Montoya', 'carla76@yahoo.com', '1991-02-15', 'Universidad Católica Argentina Santa Maria de los Buenos Aires', 5448721037);
INSERT INTO ticket_owner_information (participant_tc, participant_name, participant_surname, participant_email, participant_birtday, participant_university, participant_phone) VALUES (45681950118, 'Robert', 'Brown', 'ashley23@bennett.info', '1990-04-22', 'Leading University', 5457085437);
INSERT INTO ticket_owner_information (participant_tc, participant_name, participant_surname, participant_email, participant_birtday, participant_university, participant_phone) VALUES (46001056527, 'Clinton', 'Jones', 'amber98@sandoval.org', '2000-10-08', 'Bangladesh Agricultural University', 5439617336);
INSERT INTO ticket_owner_information (participant_tc, participant_name, participant_surname, participant_email, participant_birtday, participant_university, participant_phone) VALUES (46005918196, 'Shawn', 'Rhodes', 'elizabethfields@black.com', '1991-10-05', 'United Arab Emirates University', 5447138546);
INSERT INTO ticket_owner_information (participant_tc, participant_name, participant_surname, participant_email, participant_birtday, participant_university, participant_phone) VALUES (46235191933, 'Christie', 'Le', 'alicia85@freeman-cooper.net', '1998-01-23', 'Universidad Nacional de Río Cuarto', 5445406585);
INSERT INTO ticket_owner_information (participant_tc, participant_name, participant_surname, participant_email, participant_birtday, participant_university, participant_phone) VALUES (46319738508, 'Daniel', 'Jones', 'fmartin@french.info', '1998-04-09', 'University of Western Sydney', 5451369047);
INSERT INTO ticket_owner_information (participant_tc, participant_name, participant_surname, participant_email, participant_birtday, participant_university, participant_phone) VALUES (46733707208, 'Sydney', 'Watson', 'robertshaw@hotmail.com', '1997-07-07', 'University of Information Technology & Sciences', 5437007420);
INSERT INTO ticket_owner_information (participant_tc, participant_name, participant_surname, participant_email, participant_birtday, participant_university, participant_phone) VALUES (47261531251, 'Kimberly', 'Miles', 'beasleymatthew@gmail.com', '1993-12-09', 'University of Plovdiv', 5448079125);
INSERT INTO ticket_owner_information (participant_tc, participant_name, participant_surname, participant_email, participant_birtday, participant_university, participant_phone) VALUES (47313573019, 'Derek', 'Mcdaniel', 'sdrake@hotmail.com', '1996-12-08', 'Universidade Católica de Angola', 5425067536);
INSERT INTO ticket_owner_information (participant_tc, participant_name, participant_surname, participant_email, participant_birtday, participant_university, participant_phone) VALUES (47554089538, 'Cheryl', 'Ritter', 'proctormichael@gmail.com', '2001-01-15', 'Bond University', 5437816825);
INSERT INTO ticket_owner_information (participant_tc, participant_name, participant_surname, participant_email, participant_birtday, participant_university, participant_phone) VALUES (47731875234, 'Amanda', 'Rice', 'shannon61@ray.com', '1995-04-26', 'Universidad de la Marina Mercante', 5455769361);
INSERT INTO ticket_owner_information (participant_tc, participant_name, participant_surname, participant_email, participant_birtday, participant_university, participant_phone) VALUES (47839913038, 'Eddie', 'Haynes', 'wendyanderson@chase.com', '2000-05-06', 'East West University', 5450820731);
INSERT INTO ticket_owner_information (participant_tc, participant_name, participant_surname, participant_email, participant_birtday, participant_university, participant_phone) VALUES (48447059227, 'Kyle', 'Smith', 'sherribarnett@hotmail.com', '2000-08-06', 'Yerevan State Medical University', 5425900755);
INSERT INTO ticket_owner_information (participant_tc, participant_name, participant_surname, participant_email, participant_birtday, participant_university, participant_phone) VALUES (48498681334, 'John', 'Davis', 'danielgreer@yahoo.com', '1997-06-28', 'Universität Innsbruck', 5454614185);
INSERT INTO ticket_owner_information (participant_tc, participant_name, participant_surname, participant_email, participant_birtday, participant_university, participant_phone) VALUES (48752342624, 'Christopher', 'Swanson', 'eholder@yahoo.com', '1991-09-20', 'University of Shkodra "Luigj Gurakuqi"', 5435158960);
INSERT INTO ticket_owner_information (participant_tc, participant_name, participant_surname, participant_email, participant_birtday, participant_university, participant_phone) VALUES (49069928430, 'Megan', 'Farley', 'porterandrew@white-choi.com', '2002-06-21', 'Instituto Universitario Aeronáutico', 5443837623);
INSERT INTO ticket_owner_information (participant_tc, participant_name, participant_surname, participant_email, participant_birtday, participant_university, participant_phone) VALUES (49106084036, 'Roberto', 'Pierce', 'qcrawford@castillo.org', '2002-02-24', 'University of Bihac', 5446784304);
INSERT INTO ticket_owner_information (participant_tc, participant_name, participant_surname, participant_email, participant_birtday, participant_university, participant_phone) VALUES (49149842679, 'Christine', 'Oneill', 'jcraig@yahoo.com', '1992-09-07', 'Technikum Wien', 5419058015);
INSERT INTO ticket_owner_information (participant_tc, participant_name, participant_surname, participant_email, participant_birtday, participant_university, participant_phone) VALUES (49629770915, 'Troy', 'Wong', 'michaeljenkins@elliott-howard.com', '1994-10-25', 'Kateb Institute of Higher Education', 5431262328);
INSERT INTO ticket_owner_information (participant_tc, participant_name, participant_surname, participant_email, participant_birtday, participant_university, participant_phone) VALUES (49745693558, 'Zachary', 'Hughes', 'nicholaspeterson@yahoo.com', '1995-06-07', 'Universidad Nacional de Villa María', 5448721246);
INSERT INTO ticket_owner_information (participant_tc, participant_name, participant_surname, participant_email, participant_birtday, participant_university, participant_phone) VALUES (49818359669, 'Jonathan', 'Cooper', 'ashley57@williams-simmons.biz', '1998-04-22', 'University of Newcastle', 5448964155);
INSERT INTO ticket_owner_information (participant_tc, participant_name, participant_surname, participant_email, participant_birtday, participant_university, participant_phone) VALUES (49821179746, 'Kelly', 'Chambers', 'fosterlaurie@mejia.com', '1999-08-14', 'Russian-Armenian (Slavonic) State University', 5428528064);
INSERT INTO ticket_owner_information (participant_tc, participant_name, participant_surname, participant_email, participant_birtday, participant_university, participant_phone) VALUES (49854942038, 'Amber', 'Porter', 'joseph16@hotmail.com', '2002-06-25', 'University of New York Tirana', 5425320856);
INSERT INTO ticket_owner_information (participant_tc, participant_name, participant_surname, participant_email, participant_birtday, participant_university, participant_phone) VALUES (49863878822, 'Tyrone', 'Johnson', 'changbrittney@gross.com', '1995-09-16', 'Dawat University', 5432102667);
INSERT INTO ticket_owner_information (participant_tc, participant_name, participant_surname, participant_email, participant_birtday, participant_university, participant_phone) VALUES (50015785798, 'Michael', 'Short', 'ibarker@gmail.com', '1999-02-02', 'University of Rajshahi', 5454283390);
INSERT INTO ticket_owner_information (participant_tc, participant_name, participant_surname, participant_email, participant_birtday, participant_university, participant_phone) VALUES (50429654924, 'William', 'Pace', 'nbrown@aguilar-jones.com', '1995-02-19', 'University of South Australia', 5432013775);
INSERT INTO ticket_owner_information (participant_tc, participant_name, participant_surname, participant_email, participant_birtday, participant_university, participant_phone) VALUES (50621064348, 'Tyler', 'Jackson', 'grantchristopher@fry.com', '1996-03-21', 'Shaikh Zayed University', 5453362292);
INSERT INTO ticket_owner_information (participant_tc, participant_name, participant_surname, participant_email, participant_birtday, participant_university, participant_phone) VALUES (50649781712, 'Sheri', 'Nelson', 'kristina77@hotmail.com', '2002-12-24', 'Universidad Torcuato di Tella', 5453661256);
INSERT INTO ticket_owner_information (participant_tc, participant_name, participant_surname, participant_email, participant_birtday, participant_university, participant_phone) VALUES (50817039318, 'Eric', 'Brooks', 'evelyn26@hall.org', '1996-11-27', 'Universidad Nacional de Misiones', 5421890518);
INSERT INTO ticket_owner_information (participant_tc, participant_name, participant_surname, participant_email, participant_birtday, participant_university, participant_phone) VALUES (50820397559, 'Amy', 'Edwards', 'alyssasimpson@west-edwards.biz', '1999-12-15', 'Fondation Universitaire Luxembourgeoise', 5433526536);
INSERT INTO ticket_owner_information (participant_tc, participant_name, participant_surname, participant_email, participant_birtday, participant_university, participant_phone) VALUES (50855911010, 'Jacob', 'Bradley', 'hlawson@gmail.com', '2000-07-08', 'South-West University "Neofit Rilski"', 5429381887);
INSERT INTO ticket_owner_information (participant_tc, participant_name, participant_surname, participant_email, participant_birtday, participant_university, participant_phone) VALUES (50861739608, 'Courtney', 'Gray', 'hubbardmatthew@gmail.com', '1990-04-12', 'Presidency University', 5435915527);
INSERT INTO ticket_owner_information (participant_tc, participant_name, participant_surname, participant_email, participant_birtday, participant_university, participant_phone) VALUES (50908727676, 'Tammy', 'Mcneil', 'keith82@hotmail.com', '1997-08-17', 'University of Elbasan "Aleksander Xhuvani"', 5439508468);
INSERT INTO ticket_owner_information (participant_tc, participant_name, participant_surname, participant_email, participant_birtday, participant_university, participant_phone) VALUES (51111921784, 'Michael', 'Berry', 'brian33@gmail.com', '1999-05-14', 'Bamiyan University', 5423622107);
INSERT INTO ticket_owner_information (participant_tc, participant_name, participant_surname, participant_email, participant_birtday, participant_university, participant_phone) VALUES (51232580904, 'Bethany', 'Davis', 'michaelwilliams@gmail.com', '2001-08-18', 'Universidad del Cine - Buenos Aires', 5422950958);
INSERT INTO ticket_owner_information (participant_tc, participant_name, participant_surname, participant_email, participant_birtday, participant_university, participant_phone) VALUES (51239933713, 'Karen', 'Gonzales', 'angela06@yahoo.com', '1996-06-28', 'Australian Maritime College', 5423228824);
INSERT INTO ticket_owner_information (participant_tc, participant_name, participant_surname, participant_email, participant_birtday, participant_university, participant_phone) VALUES (51295686618, 'John', 'Montes', 'kaylaliu@yahoo.com', '2000-05-21', 'Universidad Argentina "John F. Kennedy"', 5453349016);
INSERT INTO ticket_owner_information (participant_tc, participant_name, participant_surname, participant_email, participant_birtday, participant_university, participant_phone) VALUES (51377737609, 'Steven', 'Brown', 'margaret93@miller-wyatt.com', '1992-06-06', 'Takhar University', 5441625122);
INSERT INTO ticket_owner_information (participant_tc, participant_name, participant_surname, participant_email, participant_birtday, participant_university, participant_phone) VALUES (51388010744, 'Dawn', 'Cook', 'atkinsonbrandi@yahoo.com', '1992-12-15', 'University of Food Technology', 5423611902);
INSERT INTO ticket_owner_information (participant_tc, participant_name, participant_surname, participant_email, participant_birtday, participant_university, participant_phone) VALUES (51456889191, 'Jacob', 'Sherman', 'hbarton@yahoo.com', '1996-04-07', 'Bangabandhu Sheikh Mujibur Rahman Medical University', 5418657367);
INSERT INTO ticket_owner_information (participant_tc, participant_name, participant_surname, participant_email, participant_birtday, participant_university, participant_phone) VALUES (51592037824, 'Erin', 'Lopez', 'woodardwesley@gmail.com', '2001-06-06', 'American University of the Caribbean, Sint Maarten', 5456321102);
INSERT INTO ticket_owner_information (participant_tc, participant_name, participant_surname, participant_email, participant_birtday, participant_university, participant_phone) VALUES (51848083151, 'Daniel', 'Browning', 'fernandezwhitney@yahoo.com', '1995-03-03', 'Universidade Lusíada de Angola', 5430623558);
INSERT INTO ticket_owner_information (participant_tc, participant_name, participant_surname, participant_email, participant_birtday, participant_university, participant_phone) VALUES (51873702872, 'Paul', 'Fritz', 'kendra36@ortiz.com', '1995-08-14', 'Universidad Nacional de Tucumán', 5436493871);
INSERT INTO ticket_owner_information (participant_tc, participant_name, participant_surname, participant_email, participant_birtday, participant_university, participant_phone) VALUES (51944053398, 'Julie', 'Young', 'mary44@yahoo.com', '1997-09-05', 'Deakin University', 5426248463);
INSERT INTO ticket_owner_information (participant_tc, participant_name, participant_surname, participant_email, participant_birtday, participant_university, participant_phone) VALUES (51956140534, 'Kelly', 'Murphy', 'patricia71@gallegos.info', '1994-06-06', 'Vesalius College', 5429768578);
INSERT INTO ticket_owner_information (participant_tc, participant_name, participant_surname, participant_email, participant_birtday, participant_university, participant_phone) VALUES (51975311291, 'Adam', 'Lewis', 'jessica73@mckee.net', '1997-08-09', 'Evangelische Theologische Faculteit, Leuven', 5420793739);
INSERT INTO ticket_owner_information (participant_tc, participant_name, participant_surname, participant_email, participant_birtday, participant_university, participant_phone) VALUES (52035663054, 'Brian', 'Haynes', 'mayjeffrey@weaver-williams.com', '1996-10-02', 'Montanuniversität Leoben', 5449480933);
INSERT INTO ticket_owner_information (participant_tc, participant_name, participant_surname, participant_email, participant_birtday, participant_university, participant_phone) VALUES (52424695120, 'Shannon', 'Jackson', 'steven95@garcia-stone.com', '1991-04-20', 'Green University of Bangladesh', 5447945622);
INSERT INTO ticket_owner_information (participant_tc, participant_name, participant_surname, participant_email, participant_birtday, participant_university, participant_phone) VALUES (52460580422, 'David', 'Osborne', 'kjackson@hotmail.com', '1990-10-25', 'Universidad Nacional del Littoral', 5452526980);
INSERT INTO ticket_owner_information (participant_tc, participant_name, participant_surname, participant_email, participant_birtday, participant_university, participant_phone) VALUES (52464701436, 'Lisa', 'Thomas', 'jamiefrye@krueger.com', '2002-03-23', 'Begum Rokeya University, Rangpur', 5437483755);
INSERT INTO ticket_owner_information (participant_tc, participant_name, participant_surname, participant_email, participant_birtday, participant_university, participant_phone) VALUES (52951817112, 'Amanda', 'Wallace', 'mileslogan@davis.org', '1992-01-03', 'Patuakhali Science and Technology University', 5439014503);
INSERT INTO ticket_owner_information (participant_tc, participant_name, participant_surname, participant_email, participant_birtday, participant_university, participant_phone) VALUES (53144914886, 'Mary', 'Serrano', 'williamsmatthew@hotmail.com', '1995-07-03', 'Universidad Nacional de San Juan', 5444618063);
INSERT INTO ticket_owner_information (participant_tc, participant_name, participant_surname, participant_email, participant_birtday, participant_university, participant_phone) VALUES (53938086303, 'Amber', 'Perkins', 'ambersimpson@gmail.com', '1995-11-15', 'Universidad Nacional del Comahue', 5449795235);
INSERT INTO ticket_owner_information (participant_tc, participant_name, participant_surname, participant_email, participant_birtday, participant_university, participant_phone) VALUES (54039088108, 'Karen', 'Sandoval', 'robert82@gmail.com', '1995-05-05', 'Aria Institute of Higher Education', 5446663360);
INSERT INTO ticket_owner_information (participant_tc, participant_name, participant_surname, participant_email, participant_birtday, participant_university, participant_phone) VALUES (54387753901, 'Leah', 'Haynes', 'gmiller@gmail.com', '2000-08-20', 'Brussels School of International Studies', 5434675464);
INSERT INTO ticket_owner_information (participant_tc, participant_name, participant_surname, participant_email, participant_birtday, participant_university, participant_phone) VALUES (54392147572, 'Janice', 'Bernard', 'elizabeth98@walker.net', '1990-08-07', 'Academy of Music, Dance and Fine Arts', 5427755788);
INSERT INTO ticket_owner_information (participant_tc, participant_name, participant_surname, participant_email, participant_birtday, participant_university, participant_phone) VALUES (54405348913, 'Alyssa', 'Faulkner', 'kristy78@allen-franco.com', '1990-09-27', 'Fachhochschule JOANNEUM', 5453677329);
INSERT INTO ticket_owner_information (participant_tc, participant_name, participant_surname, participant_email, participant_birtday, participant_university, participant_phone) VALUES (54597114836, 'Daniel', 'Armstrong', 'kaitlyn91@williams.org', '1999-11-06', 'Universidade Gregorio Semedo', 5441923207);
INSERT INTO ticket_owner_information (participant_tc, participant_name, participant_surname, participant_email, participant_birtday, participant_university, participant_phone) VALUES (54639524466, 'Maria', 'Brown', 'natasha32@yahoo.com', '1998-10-28', 'University of Southern Queensland', 5448307332);
INSERT INTO ticket_owner_information (participant_tc, participant_name, participant_surname, participant_email, participant_birtday, participant_university, participant_phone) VALUES (55087972406, 'Michael', 'Nelson', 'ashleyhorne@jackson.net', '1999-10-08', 'University of Chittagong', 5421950260);
INSERT INTO ticket_owner_information (participant_tc, participant_name, participant_surname, participant_email, participant_birtday, participant_university, participant_phone) VALUES (55149443691, 'Jessica', 'Baker', 'jeanettepayne@hotmail.com', '1994-12-09', 'University of Health Sciences Antigua', 5420841302);
INSERT INTO ticket_owner_information (participant_tc, participant_name, participant_surname, participant_email, participant_birtday, participant_university, participant_phone) VALUES (55579308349, 'Kristin', 'Rogers', 'hjohnson@hotmail.com', '1997-11-22', 'Bangladesh University of Textiles', 5451464318);
INSERT INTO ticket_owner_information (participant_tc, participant_name, participant_surname, participant_email, participant_birtday, participant_university, participant_phone) VALUES (55643441113, 'Anthony', 'Hines', 'rosskatherine@gmail.com', '1990-07-14', 'Universidad CAECE, Buenos Aires', 5429621818);
INSERT INTO ticket_owner_information (participant_tc, participant_name, participant_surname, participant_email, participant_birtday, participant_university, participant_phone) VALUES (55672086923, 'Brian', 'Calhoun', 'tannerdominic@holden.com', '1996-04-23', 'University of the Netherlands Antilles, Curacao', 5435303898);
INSERT INTO ticket_owner_information (participant_tc, participant_name, participant_surname, participant_email, participant_birtday, participant_university, participant_phone) VALUES (55705019799, 'Veronica', 'Andrews', 'edward94@hall.com', '1995-12-15', 'Royal Melbourne Institute of Technology', 5418568543);
INSERT INTO ticket_owner_information (participant_tc, participant_name, participant_surname, participant_email, participant_birtday, participant_university, participant_phone) VALUES (55971536698, 'Isaac', 'Miller', 'joshuahurst@gmail.com', '1997-08-16', 'Universidad Nacional de Salta', 5429441493);
INSERT INTO ticket_owner_information (participant_tc, participant_name, participant_surname, participant_email, participant_birtday, participant_university, participant_phone) VALUES (56067588648, 'Cheryl', 'Turner', 'sloankevin@gmail.com', '1993-06-17', 'Sumgait State University', 5435893123);
INSERT INTO ticket_owner_information (participant_tc, participant_name, participant_surname, participant_email, participant_birtday, participant_university, participant_phone) VALUES (56103118326, 'Mark', 'Reyes', 'david47@hanson.com', '1997-09-27', 'Universidad de Palermo', 5443165380);
INSERT INTO ticket_owner_information (participant_tc, participant_name, participant_surname, participant_email, participant_birtday, participant_university, participant_phone) VALUES (56115085645, 'James', 'Robinson', 'shirleykoch@gmail.com', '2000-01-07', 'North East University Bangladesh', 5443490723);
INSERT INTO ticket_owner_information (participant_tc, participant_name, participant_surname, participant_email, participant_birtday, participant_university, participant_phone) VALUES (56182595440, 'Samantha', 'Jones', 'tiffany67@gmail.com', '1995-08-28', 'Katholieke Universiteit Leuven', 5429922284);
INSERT INTO ticket_owner_information (participant_tc, participant_name, participant_surname, participant_email, participant_birtday, participant_university, participant_phone) VALUES (56262965076, 'Stephanie', 'Daniels', 'migueldean@grimes-rowe.net', '1993-08-26', 'Universiteit Antwerpen', 5433297746);
INSERT INTO ticket_owner_information (participant_tc, participant_name, participant_surname, participant_email, participant_birtday, participant_university, participant_phone) VALUES (56300550913, 'Margaret', 'Hooper', 'kaitlyngarcia@leon.com', '1992-04-26', 'University of Sint Eustatius School of Medicine', 5444640630);
INSERT INTO ticket_owner_information (participant_tc, participant_name, participant_surname, participant_email, participant_birtday, participant_university, participant_phone) VALUES (56349746464, 'Jermaine', 'Simpson', 'amber38@gmail.com', '1996-07-09', 'University of Sydney', 5453313333);
INSERT INTO ticket_owner_information (participant_tc, participant_name, participant_surname, participant_email, participant_birtday, participant_university, participant_phone) VALUES (56517126068, 'Janice', 'Soto', 'sandra47@hotmail.com', '1996-02-11', 'Afghan University', 5441940941);
INSERT INTO ticket_owner_information (participant_tc, participant_name, participant_surname, participant_email, participant_birtday, participant_university, participant_phone) VALUES (56629046247, 'Julie', 'Smith', 'aconway@king.com', '1994-11-24', 'University “Pavaresia” Vlore', 5457032202);
INSERT INTO ticket_owner_information (participant_tc, participant_name, participant_surname, participant_email, participant_birtday, participant_university, participant_phone) VALUES (56718914638, 'Misty', 'Hansen', 'nmcclure@gmail.com', '1997-11-17', 'Universidad Abierta Interamericana', 5445016366);
INSERT INTO ticket_owner_information (participant_tc, participant_name, participant_surname, participant_email, participant_birtday, participant_university, participant_phone) VALUES (57135111935, 'Amy', 'Freeman', 'vsimpson@pruitt.com', '1993-06-11', 'University of Architecture, Civil Engineering and Geodesy', 5423205699);
INSERT INTO ticket_owner_information (participant_tc, participant_name, participant_surname, participant_email, participant_birtday, participant_university, participant_phone) VALUES (57740006955, 'Jack', 'Harris', 'emily15@gmail.com', '1996-10-01', 'University of Mining and Geology "St. Ivan Rils"', 5437367333);
INSERT INTO ticket_owner_information (participant_tc, participant_name, participant_surname, participant_email, participant_birtday, participant_university, participant_phone) VALUES (57868663680, 'Kathleen', 'Mcpherson', 'jeremygarza@gmail.com', '1997-05-18', 'International College of Tourism and Hotel Management', 5451619433);
INSERT INTO ticket_owner_information (participant_tc, participant_name, participant_surname, participant_email, participant_birtday, participant_university, participant_phone) VALUES (58112106879, 'Steven', 'Cabrera', 'lphillips@gmail.com', '2001-10-22', 'Faculté Universitaire des Sciences Agronomiques de Gembloux', 5454804173);
INSERT INTO ticket_owner_information (participant_tc, participant_name, participant_surname, participant_email, participant_birtday, participant_university, participant_phone) VALUES (58232686400, 'Jerry', 'Mitchell', 'nhall@yahoo.com', '1990-04-09', 'Agricultural University of Tirane', 5453500766);
INSERT INTO ticket_owner_information (participant_tc, participant_name, participant_surname, participant_email, participant_birtday, participant_university, participant_phone) VALUES (58262784324, 'Monica', 'Vaughn', 'anthony17@woods.com', '1994-06-20', 'Institute Of Technology, Australia', 5444396099);
INSERT INTO ticket_owner_information (participant_tc, participant_name, participant_surname, participant_email, participant_birtday, participant_university, participant_phone) VALUES (58492890853, 'Lauren', 'Gibson', 'jennifergarrett@smith.com', '1991-12-05', 'University of New South Wales', 5441772364);
INSERT INTO ticket_owner_information (participant_tc, participant_name, participant_surname, participant_email, participant_birtday, participant_university, participant_phone) VALUES (58628726371, 'Brandon', 'White', 'joshuaware@yahoo.com', '1991-01-27', 'University of Korca "Fan Noli"', 5435042463);
INSERT INTO ticket_owner_information (participant_tc, participant_name, participant_surname, participant_email, participant_birtday, participant_university, participant_phone) VALUES (58639012258, 'Anna', 'Wallace', 'sarah63@hotmail.com', '1998-10-03', 'University of Sarajevo', 5434335490);
INSERT INTO ticket_owner_information (participant_tc, participant_name, participant_surname, participant_email, participant_birtday, participant_university, participant_phone) VALUES (58792669984, 'Jimmy', 'Hayes', 'nicholasgarza@gmail.com', '1995-05-02', 'Manarat International University', 5422658711);
INSERT INTO ticket_owner_information (participant_tc, participant_name, participant_surname, participant_email, participant_birtday, participant_university, participant_phone) VALUES (59178047303, 'Erin', 'Smith', 'daltonaudrey@yahoo.com', '1995-07-26', 'International University of Sarajevo', 5439085144);
INSERT INTO ticket_owner_information (participant_tc, participant_name, participant_surname, participant_email, participant_birtday, participant_university, participant_phone) VALUES (59430381025, 'Scott', 'Brown', 'jennifer38@chavez.com', '1994-09-26', 'Maryam Institute of Higher Education', 5436858222);
INSERT INTO ticket_owner_information (participant_tc, participant_name, participant_surname, participant_email, participant_birtday, participant_university, participant_phone) VALUES (60160829368, 'Charles', 'Cantu', 'victorrose@yahoo.com', '2002-10-19', 'Azerbaijan National Conservatorie', 5428106415);
INSERT INTO ticket_owner_information (participant_tc, participant_name, participant_surname, participant_email, participant_birtday, participant_university, participant_phone) VALUES (60293086481, 'Craig', 'Barnes', 'lhudson@hoover.com', '2001-07-13', 'Webster University, Vienna', 5451662252);
INSERT INTO ticket_owner_information (participant_tc, participant_name, participant_surname, participant_email, participant_birtday, participant_university, participant_phone) VALUES (60390136341, 'Melissa', 'Horne', 'brittanyhernandez@hotmail.com', '2001-07-18', 'Australian Correspondence Schools', 5423334521);
INSERT INTO ticket_owner_information (participant_tc, participant_name, participant_surname, participant_email, participant_birtday, participant_university, participant_phone) VALUES (60399280523, 'Daniel', 'Collins', 'cgeorge@yahoo.com', '1997-05-13', 'Universidad de Belgrano', 5446610434);
INSERT INTO ticket_owner_information (participant_tc, participant_name, participant_surname, participant_email, participant_birtday, participant_university, participant_phone) VALUES (60447592292, 'Walter', 'Lee', 'waynediaz@gmail.com', '1995-07-27', 'Skyline University College, Sharjah', 5437857729);
INSERT INTO ticket_owner_information (participant_tc, participant_name, participant_surname, participant_email, participant_birtday, participant_university, participant_phone) VALUES (60470753340, 'Haley', 'Smith', 'wcooper@yahoo.com', '1990-04-01', 'Trakia University Stara Zagora', 5426122175);
INSERT INTO ticket_owner_information (participant_tc, participant_name, participant_surname, participant_email, participant_birtday, participant_university, participant_phone) VALUES (60483474669, 'Pamela', 'Barrett', 'nicolelopez@yahoo.com', '1995-02-05', 'Universidad "Juan Agustín Maza"', 5434332518);
INSERT INTO ticket_owner_information (participant_tc, participant_name, participant_surname, participant_email, participant_birtday, participant_university, participant_phone) VALUES (60632030108, 'Randall', 'Flores', 'samantha35@hotmail.com', '1992-12-24', 'Universidad Nacional del Noroeste de la Provincia de Buenos Aires', 5435833477);
INSERT INTO ticket_owner_information (participant_tc, participant_name, participant_surname, participant_email, participant_birtday, participant_university, participant_phone) VALUES (60784780120, 'Chad', 'Fuentes', 'alexander65@hotmail.com', '2001-09-24', 'Sarajevo Film Academy', 5419454421);
INSERT INTO ticket_owner_information (participant_tc, participant_name, participant_surname, participant_email, participant_birtday, participant_university, participant_phone) VALUES (60827965885, 'Denise', 'Rogers', 'cindysmith@hotmail.com', '1993-09-06', 'University of Science & Technology Chittagong', 5434379357);
INSERT INTO ticket_owner_information (participant_tc, participant_name, participant_surname, participant_email, participant_birtday, participant_university, participant_phone) VALUES (60896789306, 'Paula', 'Horton', 'murphytimothy@williams.info', '2002-11-26', 'Universidad Nacional de Jujuy', 5439964174);
INSERT INTO ticket_owner_information (participant_tc, participant_name, participant_surname, participant_email, participant_birtday, participant_university, participant_phone) VALUES (61076050962, 'Daniel', 'Vasquez', 'cguerra@yahoo.com', '1991-09-18', 'University Of Dubai', 5440198053);
INSERT INTO ticket_owner_information (participant_tc, participant_name, participant_surname, participant_email, participant_birtday, participant_university, participant_phone) VALUES (61381160604, 'Joseph', 'Patterson', 'thompsondaniel@turner-olson.org', '1992-07-14', 'Medizinische Universität Graz', 5449127024);
INSERT INTO ticket_owner_information (participant_tc, participant_name, participant_surname, participant_email, participant_birtday, participant_university, participant_phone) VALUES (61455279983, 'Tami', 'Smith', 'hendrickscourtney@schwartz.com', '2001-04-03', 'University of National and World Economy', 5452714310);
INSERT INTO ticket_owner_information (participant_tc, participant_name, participant_surname, participant_email, participant_birtday, participant_university, participant_phone) VALUES (61641696158, 'Megan', 'Garcia', 'jonesruben@cameron.com', '1994-11-03', 'Mawlana Bhashani Science And Technology University', 5452060069);
INSERT INTO ticket_owner_information (participant_tc, participant_name, participant_surname, participant_email, participant_birtday, participant_university, participant_phone) VALUES (61766769921, 'Timothy', 'Anderson', 'csmith@scott-hogan.com', '1992-02-26', 'Instituto Universitario CEMA', 5436690060);
INSERT INTO ticket_owner_information (participant_tc, participant_name, participant_surname, participant_email, participant_birtday, participant_university, participant_phone) VALUES (61955919832, 'Gary', 'Smith', 'benjaminmiller@mcdowell-alexander.com', '2000-05-18', 'Eurasia International University', 5449509342);
INSERT INTO ticket_owner_information (participant_tc, participant_name, participant_surname, participant_email, participant_birtday, participant_university, participant_phone) VALUES (61989720948, 'Robert', 'Adams', 'williamsjames@ayala-adams.org', '1992-12-16', 'Kaboora Institute of Higher Education', 5450964517);
INSERT INTO ticket_owner_information (participant_tc, participant_name, participant_surname, participant_email, participant_birtday, participant_university, participant_phone) VALUES (62450711887, 'Bradley', 'Nixon', 'ecasey@gmail.com', '1990-10-06', 'Hogeschool West-Vlaanderen (TU)', 5425128221);
INSERT INTO ticket_owner_information (participant_tc, participant_name, participant_surname, participant_email, participant_birtday, participant_university, participant_phone) VALUES (62927139109, 'Robert', 'Patel', 'russopatricia@yahoo.com', '1993-03-08', 'Noakhali University of Science and Technology', 5452178230);
INSERT INTO ticket_owner_information (participant_tc, participant_name, participant_surname, participant_email, participant_birtday, participant_university, participant_phone) VALUES (63023805267, 'Melinda', 'Lam', 'phillipsheather@johnston-holmes.info', '1993-12-26', 'Universidad del Salvador', 5445654354);
INSERT INTO ticket_owner_information (participant_tc, participant_name, participant_surname, participant_email, participant_birtday, participant_university, participant_phone) VALUES (63206969307, 'Richard', 'Brennan', 'tbass@hotmail.com', '1994-11-11', 'European Regional Educational Academy of Armenia', 5445218742);
INSERT INTO ticket_owner_information (participant_tc, participant_name, participant_surname, participant_email, participant_birtday, participant_university, participant_phone) VALUES (63225735350, 'Christina', 'Porter', 'timothymorgan@yahoo.com', '1997-08-19', 'Faryab Higher Education Institute', 5433286622);
INSERT INTO ticket_owner_information (participant_tc, participant_name, participant_surname, participant_email, participant_birtday, participant_university, participant_phone) VALUES (63345624282, 'Christopher', 'Hines', 'stephenlarson@gmail.com', '1993-11-24', 'Griffith University', 5436390475);
INSERT INTO ticket_owner_information (participant_tc, participant_name, participant_surname, participant_email, participant_birtday, participant_university, participant_phone) VALUES (63380317777, 'Daniel', 'Brown', 'charles99@reed.com', '1998-11-09', 'Paris-Sorbonne University Abu Dhabi', 5452484736);
INSERT INTO ticket_owner_information (participant_tc, participant_name, participant_surname, participant_email, participant_birtday, participant_university, participant_phone) VALUES (63729386000, 'Jeffrey', 'Jensen', 'hwhite@hotmail.com', '1996-10-10', 'Universidad Nacional de Formosa', 5444202648);
INSERT INTO ticket_owner_information (participant_tc, participant_name, participant_surname, participant_email, participant_birtday, participant_university, participant_phone) VALUES (63874783780, 'Patrick', 'Gonzalez', 'marilyn73@fields.biz', '1994-04-06', 'State Engineering University of Armenia', 5432827527);
INSERT INTO ticket_owner_information (participant_tc, participant_name, participant_surname, participant_email, participant_birtday, participant_university, participant_phone) VALUES (63900440740, 'Michael', 'Solis', 'renee50@martinez-jones.com', '2001-05-22', 'Universität für Musik und darstellende Kunst  Wien', 5430622556);
INSERT INTO ticket_owner_information (participant_tc, participant_name, participant_surname, participant_email, participant_birtday, participant_university, participant_phone) VALUES (64020205709, 'Shawn', 'Fowler', 'kterry@gmail.com', '1991-06-03', 'National Academy of Music "Pantcho Vladigerov"', 5442357448);
INSERT INTO ticket_owner_information (participant_tc, participant_name, participant_surname, participant_email, participant_birtday, participant_university, participant_phone) VALUES (64196105561, 'Joseph', 'Long', 'sjones@hotmail.com', '1990-12-25', 'Baku State University', 5446563772);
INSERT INTO ticket_owner_information (participant_tc, participant_name, participant_surname, participant_email, participant_birtday, participant_university, participant_phone) VALUES (64268591957, 'Bethany', 'Fitzgerald', 'andrewmartin@gmail.com', '1997-07-13', 'United International University', 5430937386);
INSERT INTO ticket_owner_information (participant_tc, participant_name, participant_surname, participant_email, participant_birtday, participant_university, participant_phone) VALUES (64561794322, 'Calvin', 'Andrews', 'harias@hotmail.com', '1996-08-23', 'Instituto Nacional de Educación Física "General Manuel Belgrano"', 5438510145);
INSERT INTO ticket_owner_information (participant_tc, participant_name, participant_surname, participant_email, participant_birtday, participant_university, participant_phone) VALUES (64779984892, 'Kyle', 'Saunders', 'lindsey89@newman-smith.com', '1993-02-06', 'Khulna University', 5426705125);
INSERT INTO ticket_owner_information (participant_tc, participant_name, participant_surname, participant_email, participant_birtday, participant_university, participant_phone) VALUES (64812880021, 'Kimberly', 'Evans', 'robert93@miller-martin.com', '1990-06-01', 'Universidad Notarial Argentina', 5455644778);
INSERT INTO ticket_owner_information (participant_tc, participant_name, participant_surname, participant_email, participant_birtday, participant_university, participant_phone) VALUES (65385128227, 'Aaron', 'West', 'millercory@yahoo.com', '1991-08-19', 'Katholieke Universiteit Brussel', 5448749041);
INSERT INTO ticket_owner_information (participant_tc, participant_name, participant_surname, participant_email, participant_birtday, participant_university, participant_phone) VALUES (65609286406, 'Jeffrey', 'Garza', 'mariahconway@lane.com', '2001-12-19', 'Université de Ouagadougou', 5448022094);
INSERT INTO ticket_owner_information (participant_tc, participant_name, participant_surname, participant_email, participant_birtday, participant_university, participant_phone) VALUES (65639704748, 'Sherri', 'Smith', 'gomezvictoria@hotmail.com', '1992-05-02', 'Universidade Metodista de Angola', 5434881143);
INSERT INTO ticket_owner_information (participant_tc, participant_name, participant_surname, participant_email, participant_birtday, participant_university, participant_phone) VALUES (65690660452, 'Regina', 'Medina', 'yangmarisa@gmail.com', '1994-12-25', 'University of the West Indies, Cave Hill', 5446465554);
INSERT INTO ticket_owner_information (participant_tc, participant_name, participant_surname, participant_email, participant_birtday, participant_university, participant_phone) VALUES (65834767041, 'Ashley', 'Jacobson', 'joseph16@henderson-jackson.info', '1992-07-07', 'Université de Liège', 5451881206);
INSERT INTO ticket_owner_information (participant_tc, participant_name, participant_surname, participant_email, participant_birtday, participant_university, participant_phone) VALUES (65864513248, 'Kenneth', 'Miller', 'farrelltracey@yahoo.com', '1999-05-11', 'New York University, Abu Dhabi', 5430162984);
INSERT INTO ticket_owner_information (participant_tc, participant_name, participant_surname, participant_email, participant_birtday, participant_university, participant_phone) VALUES (66045796000, 'Kyle', 'Gillespie', 'franklinmarc@perez.com', '1999-09-26', 'Universidad de Flores - Buenos Aires', 5441332964);
INSERT INTO ticket_owner_information (participant_tc, participant_name, participant_surname, participant_email, participant_birtday, participant_university, participant_phone) VALUES (66071374399, 'Melissa', 'Christensen', 'meadowsandrew@thornton-rogers.com', '1996-11-04', 'Technical University of Gabrovo', 5458074809);
INSERT INTO ticket_owner_information (participant_tc, participant_name, participant_surname, participant_email, participant_birtday, participant_university, participant_phone) VALUES (66176040920, 'Melissa', 'Wade', 'katherinegarza@gmail.com', '2000-08-03', 'Taj Institute of Higher Education', 5445636460);
INSERT INTO ticket_owner_information (participant_tc, participant_name, participant_surname, participant_email, participant_birtday, participant_university, participant_phone) VALUES (66451878704, 'Douglas', 'Nelson', 'grimesbenjamin@pierce.com', '1990-06-07', 'Technische Universität Graz', 5429399239);
INSERT INTO ticket_owner_information (participant_tc, participant_name, participant_surname, participant_email, participant_birtday, participant_university, participant_phone) VALUES (66947232465, 'Jacob', 'Tate', 'victor09@parks-curry.net', '1990-05-12', 'Bangladesh University of Business & Technology', 5440391985);
INSERT INTO ticket_owner_information (participant_tc, participant_name, participant_surname, participant_email, participant_birtday, participant_university, participant_phone) VALUES (67252660319, 'Billy', 'Jones', 'ramseymark@hotmail.com', '1998-07-07', 'Brexgata University Academy', 5455861410);
INSERT INTO ticket_owner_information (participant_tc, participant_name, participant_surname, participant_email, participant_birtday, participant_university, participant_phone) VALUES (67415742847, 'Paul', 'Lewis', 'harriskathryn@mendoza.com', '1992-05-28', 'University of Vlora "Ismail Qemali"', 5441674488);
INSERT INTO ticket_owner_information (participant_tc, participant_name, participant_surname, participant_email, participant_birtday, participant_university, participant_phone) VALUES (67425589306, 'Shelby', 'Johnson', 'christierussell@brewer-hernandez.info', '1997-10-17', 'Bangladesh University of Engineering and Technology', 5436476256);
INSERT INTO ticket_owner_information (participant_tc, participant_name, participant_surname, participant_email, participant_birtday, participant_university, participant_phone) VALUES (67576306833, 'Amy', 'Strong', 'leemoore@buchanan-castaneda.com', '1991-07-20', 'Sylhet Engineering College', 5432800710);
INSERT INTO ticket_owner_information (participant_tc, participant_name, participant_surname, participant_email, participant_birtday, participant_university, participant_phone) VALUES (67976966201, 'Holly', 'Glenn', 'nobleroger@wagner-frost.com', '1993-12-03', 'Universidad de Bologna - Representación en Buenos Aires', 5455073454);
INSERT INTO ticket_owner_information (participant_tc, participant_name, participant_surname, participant_email, participant_birtday, participant_university, participant_phone) VALUES (68022044045, 'Jennifer', 'Sparks', 'davidjames@hotmail.com', '2000-06-16', 'Ahsanullah University of Science & Technology', 5444479771);
INSERT INTO ticket_owner_information (participant_tc, participant_name, participant_surname, participant_email, participant_birtday, participant_university, participant_phone) VALUES (68116690716, 'Steven', 'Payne', 'meganmarshall@hampton.com', '1991-05-25', 'Fachhochschule Burgenland', 5448514919);
INSERT INTO ticket_owner_information (participant_tc, participant_name, participant_surname, participant_email, participant_birtday, participant_university, participant_phone) VALUES (68168625387, 'Sara', 'Bautista', 'bakerdonna@hotmail.com', '2002-06-28', 'Universidad del Aconcagua', 5455308011);
INSERT INTO ticket_owner_information (participant_tc, participant_name, participant_surname, participant_email, participant_birtday, participant_university, participant_phone) VALUES (68188493416, 'Katherine', 'Sullivan', 'asutton@gmail.com', '1991-12-07', 'Rana Institute of Higher Education', 5454750988);
INSERT INTO ticket_owner_information (participant_tc, participant_name, participant_surname, participant_email, participant_birtday, participant_university, participant_phone) VALUES (68360039235, 'Shirley', 'Bentley', 'jenniferjames@yahoo.com', '1998-12-16', 'European International University', 5440942724);
INSERT INTO ticket_owner_information (participant_tc, participant_name, participant_surname, participant_email, participant_birtday, participant_university, participant_phone) VALUES (68605877569, 'Todd', 'Gilmore', 'matthewgonzalez@hotmail.com', '1991-11-06', 'Technical University of Varna', 5450363755);
INSERT INTO ticket_owner_information (participant_tc, participant_name, participant_surname, participant_email, participant_birtday, participant_university, participant_phone) VALUES (68669536474, 'Brian', 'Mckinney', 'sarajones@gonzalez.com', '1999-11-07', 'Charles Darwin University', 5419460301);
INSERT INTO ticket_owner_information (participant_tc, participant_name, participant_surname, participant_email, participant_birtday, participant_university, participant_phone) VALUES (68809740047, 'William', 'Patton', 'rossjohn@watts-crawford.com', '1991-12-16', 'Private Universität für Medizinische Informatik und Technik Tirol', 5447760378);
INSERT INTO ticket_owner_information (participant_tc, participant_name, participant_surname, participant_email, participant_birtday, participant_university, participant_phone) VALUES (68856471856, 'Lucas', 'Patel', 'gabrielsherman@navarro-thompson.com', '1992-11-10', 'Murdoch University', 5452354608);
INSERT INTO ticket_owner_information (participant_tc, participant_name, participant_surname, participant_email, participant_birtday, participant_university, participant_phone) VALUES (69169381980, 'Jennifer', 'White', 'torresmargaret@harris.com', '2002-07-02', 'EHSAL - Europese Hogeschool Brussel', 5428910533);
INSERT INTO ticket_owner_information (participant_tc, participant_name, participant_surname, participant_email, participant_birtday, participant_university, participant_phone) VALUES (69356843937, 'Michael', 'Knight', 'schaeferemily@curry-carter.com', '1995-05-04', 'Mehrabyan Medical Institute and Medical College', 5454900359);
INSERT INTO ticket_owner_information (participant_tc, participant_name, participant_surname, participant_email, participant_birtday, participant_university, participant_phone) VALUES (69390312496, 'Kendra', 'Krueger', 'william66@carter-gomez.com', '1995-11-18', 'Medical University Varna', 5431167212);
INSERT INTO ticket_owner_information (participant_tc, participant_name, participant_surname, participant_email, participant_birtday, participant_university, participant_phone) VALUES (70123864521, 'Amanda', 'Buck', 'joshuagibson@macdonald.com', '1990-10-27', 'East-West University, Mohakhali', 5431250015);
INSERT INTO ticket_owner_information (participant_tc, participant_name, participant_surname, participant_email, participant_birtday, participant_university, participant_phone) VALUES (70155769134, 'Benjamin', 'Howell', 'cordovadaniel@reynolds-miller.com', '1991-07-27', 'Hajee Mohammad Danesh Science and Technology University', 5436920153);
INSERT INTO ticket_owner_information (participant_tc, participant_name, participant_surname, participant_email, participant_birtday, participant_university, participant_phone) VALUES (70467085625, 'Jessica', 'Pittman', 'xhardy@gmail.com', '1994-12-07', 'Universidad Empresarial Siglio 21', 5448517980);
INSERT INTO ticket_owner_information (participant_tc, participant_name, participant_surname, participant_email, participant_birtday, participant_university, participant_phone) VALUES (70480907927, 'Jonathan', 'Romero', 'jenniferallen@yahoo.com', '1993-06-06', 'American University of Sharjah', 5453767378);
INSERT INTO ticket_owner_information (participant_tc, participant_name, participant_surname, participant_email, participant_birtday, participant_university, participant_phone) VALUES (70564065603, 'Ashley', 'Gilbert', 'delgadonatalie@gmail.com', '1991-06-02', 'Bourgas Free University', 5449499289);
INSERT INTO ticket_owner_information (participant_tc, participant_name, participant_surname, participant_email, participant_birtday, participant_university, participant_phone) VALUES (70580859193, 'Mary', 'Callahan', 'annahorne@anderson-smith.com', '1990-05-21', 'Nangarhar University', 5443187628);
INSERT INTO ticket_owner_information (participant_tc, participant_name, participant_surname, participant_email, participant_birtday, participant_university, participant_phone) VALUES (70662905437, 'Lauren', 'Rose', 'nbaldwin@banks.com', '1991-02-07', 'Stamford University', 5449798038);
INSERT INTO ticket_owner_information (participant_tc, participant_name, participant_surname, participant_email, participant_birtday, participant_university, participant_phone) VALUES (70824788347, 'Tracey', 'Maldonado', 'andrew07@gmail.com', '1994-05-05', 'Alhosn University', 5418694141);
INSERT INTO ticket_owner_information (participant_tc, participant_name, participant_surname, participant_email, participant_birtday, participant_university, participant_phone) VALUES (71100278129, 'Nathan', 'Le', 'gbond@hoffman-waters.com', '1994-07-22', 'Universidad Nacional de Luján', 5431659713);
INSERT INTO ticket_owner_information (participant_tc, participant_name, participant_surname, participant_email, participant_birtday, participant_university, participant_phone) VALUES (71169469782, 'Mark', 'Davis', 'robert14@hotmail.com', '1990-08-14', 'Universidad de Morón', 5448964941);
INSERT INTO ticket_owner_information (participant_tc, participant_name, participant_surname, participant_email, participant_birtday, participant_university, participant_phone) VALUES (71403467548, 'Brendan', 'Smith', 'bradleybobby@hotmail.com', '1997-02-10', 'Universidad Nacional del Nordeste', 5438995077);
INSERT INTO ticket_owner_information (participant_tc, participant_name, participant_surname, participant_email, participant_birtday, participant_university, participant_phone) VALUES (71614044049, 'Eric', 'Lynch', 'brownwendy@hotmail.com', '1992-06-14', 'Jatiya Kabi Kazi Nazrul Islam University', 5451600084);
INSERT INTO ticket_owner_information (participant_tc, participant_name, participant_surname, participant_email, participant_birtday, participant_university, participant_phone) VALUES (72201806598, 'Mary', 'Jones', 'erivera@sullivan.biz', '1990-02-21', 'Metropolitan University', 5456198757);
INSERT INTO ticket_owner_information (participant_tc, participant_name, participant_surname, participant_email, participant_birtday, participant_university, participant_phone) VALUES (72415372789, 'Mary', 'Zimmerman', 'richardcollins@thomas.com', '1994-08-04', 'Bourgas University "Prof. Assen Zlatarov"', 5456058447);
INSERT INTO ticket_owner_information (participant_tc, participant_name, participant_surname, participant_email, participant_birtday, participant_university, participant_phone) VALUES (72422509828, 'Stephen', 'Payne', 'gonzalezolivia@gmail.com', '1991-04-13', 'Universidad de la Cuenca del Plata', 5431876727);
INSERT INTO ticket_owner_information (participant_tc, participant_name, participant_surname, participant_email, participant_birtday, participant_university, participant_phone) VALUES (72511758676, 'William', 'Jacobson', 'chanjason@yahoo.com', '1991-04-11', 'International University School of Medicine (IUSOM)', 5455535930);
INSERT INTO ticket_owner_information (participant_tc, participant_name, participant_surname, participant_email, participant_birtday, participant_university, participant_phone) VALUES (73084132176, 'Jacob', 'Davis', 'fbrown@gmail.com', '1999-03-06', 'Université Libre de Bruxelles', 5423008462);
INSERT INTO ticket_owner_information (participant_tc, participant_name, participant_surname, participant_email, participant_birtday, participant_university, participant_phone) VALUES (73112423661, 'Isaac', 'Davis', 'jerryjensen@huber.net', '1999-01-24', 'Khalifa University', 5426139986);
INSERT INTO ticket_owner_information (participant_tc, participant_name, participant_surname, participant_email, participant_birtday, participant_university, participant_phone) VALUES (73298584109, 'Steven', 'Carpenter', 'courtney30@martin.com', '1996-11-24', 'Southern Cross University', 5456482511);
INSERT INTO ticket_owner_information (participant_tc, participant_name, participant_surname, participant_email, participant_birtday, participant_university, participant_phone) VALUES (73322802894, 'Marvin', 'Alvarez', 'robertsonrobert@vargas.com', '1995-02-23', 'Universidad Nacional de la Patagonia Austral', 5445705968);
INSERT INTO ticket_owner_information (participant_tc, participant_name, participant_surname, participant_email, participant_birtday, participant_university, participant_phone) VALUES (73340941848, 'Kimberly', 'Nelson', 'brownjean@yahoo.com', '1996-12-19', 'Central Queensland University', 5424500469);
INSERT INTO ticket_owner_information (participant_tc, participant_name, participant_surname, participant_email, participant_birtday, participant_university, participant_phone) VALUES (73823326234, 'Joshua', 'Day', 'jessica69@wall.net', '1995-04-11', 'Universidad Católica de Santa Fé', 5449723479);
INSERT INTO ticket_owner_information (participant_tc, participant_name, participant_surname, participant_email, participant_birtday, participant_university, participant_phone) VALUES (73953366053, 'Emily', 'Robles', 'joseph29@west.com', '2000-05-22', 'Universidad Nacional de San Luis', 5431780200);
INSERT INTO ticket_owner_information (participant_tc, participant_name, participant_surname, participant_email, participant_birtday, participant_university, participant_phone) VALUES (74129372071, 'April', 'Hawkins', 'hthomas@hotmail.com', '1996-02-20', 'Universidad Nacional de la Patagonia "San Juan Bosco"', 5423162030);
INSERT INTO ticket_owner_information (participant_tc, participant_name, participant_surname, participant_email, participant_birtday, participant_university, participant_phone) VALUES (74446480752, 'Ashley', 'Garcia', 'lisa26@gmail.com', '1993-11-04', 'World University of Bangladesh', 5425881046);
INSERT INTO ticket_owner_information (participant_tc, participant_name, participant_surname, participant_email, participant_birtday, participant_university, participant_phone) VALUES (74566238696, 'Tracy', 'Gonzalez', 'greenrachel@hernandez-nielsen.org', '2002-05-26', 'Fachhochschule Krems', 5432017264);
INSERT INTO ticket_owner_information (participant_tc, participant_name, participant_surname, participant_email, participant_birtday, participant_university, participant_phone) VALUES (74723255765, 'Michael', 'Patterson', 'paige89@valentine-harris.com', '1998-02-24', 'Universidade Independente de Angola', 5425130072);
INSERT INTO ticket_owner_information (participant_tc, participant_name, participant_surname, participant_email, participant_birtday, participant_university, participant_phone) VALUES (74805404635, 'Melanie', 'Robertson', 'tramirez@yahoo.com', '1998-06-01', 'Universidad Nacional de Lomas de Zamora', 5448047454);
INSERT INTO ticket_owner_information (participant_tc, participant_name, participant_surname, participant_email, participant_birtday, participant_university, participant_phone) VALUES (74818339506, 'Geoffrey', 'Cannon', 'thomas04@clark.com', '1998-02-07', 'Universidad Nacional de General San Martín', 5436739717);
INSERT INTO ticket_owner_information (participant_tc, participant_name, participant_surname, participant_email, participant_birtday, participant_university, participant_phone) VALUES (75319337680, 'Michelle', 'Young', 'irivera@webb.com', '1996-07-04', 'Universität Klagenfurt', 5427967694);
INSERT INTO ticket_owner_information (participant_tc, participant_name, participant_surname, participant_email, participant_birtday, participant_university, participant_phone) VALUES (75484986466, 'Patricia', 'Day', 'william02@johnson.org', '1998-12-27', 'Etisalat University College', 5422618849);
INSERT INTO ticket_owner_information (participant_tc, participant_name, participant_surname, participant_email, participant_birtday, participant_university, participant_phone) VALUES (75882403707, 'Cynthia', 'Mitchell', 'joseph47@sanchez-page.com', '1994-03-17', 'University of Banja Luka', 5434689989);
INSERT INTO ticket_owner_information (participant_tc, participant_name, participant_surname, participant_email, participant_birtday, participant_university, participant_phone) VALUES (76010840635, 'Andrew', 'Carpenter', 'bryanmata@howard.com', '1991-06-16', 'Vlerick Leuven Gent Management School', 5456422251);
INSERT INTO ticket_owner_information (participant_tc, participant_name, participant_surname, participant_email, participant_birtday, participant_university, participant_phone) VALUES (76062704959, 'John', 'Charles', 'michelle36@hotmail.com', '1991-06-22', 'Marcus Oldham College', 5420971764);
INSERT INTO ticket_owner_information (participant_tc, participant_name, participant_surname, participant_email, participant_birtday, participant_university, participant_phone) VALUES (76238721877, 'Kenneth', 'Montes', 'rhondafrost@gmail.com', '2000-05-06', 'Royal Military Academy', 5428230324);
INSERT INTO ticket_owner_information (participant_tc, participant_name, participant_surname, participant_email, participant_birtday, participant_university, participant_phone) VALUES (76577146107, 'Christine', 'Smith', 'reyesalicia@hotmail.com', '2001-08-12', 'Universidad Nacional de Entre Ríos', 5454109309);
INSERT INTO ticket_owner_information (participant_tc, participant_name, participant_surname, participant_email, participant_birtday, participant_university, participant_phone) VALUES (76613436004, 'Michael', 'Jones', 'inichols@contreras.net', '1992-07-21', 'Universidad Maimónides', 5430803234);
INSERT INTO ticket_owner_information (participant_tc, participant_name, participant_surname, participant_email, participant_birtday, participant_university, participant_phone) VALUES (76750034759, 'Timothy', 'Parks', 'wproctor@francis.com', '1998-06-27', 'Universidad Nacional de Catamarca', 5432400474);
INSERT INTO ticket_owner_information (participant_tc, participant_name, participant_surname, participant_email, participant_birtday, participant_university, participant_phone) VALUES (76778678574, 'Eric', 'Jarvis', 'uritter@johnson.com', '1997-11-07', 'Armenian State University of Economics', 5422245941);
INSERT INTO ticket_owner_information (participant_tc, participant_name, participant_surname, participant_email, participant_birtday, participant_university, participant_phone) VALUES (76862073472, 'Duane', 'Ball', 'aroberts@yahoo.com', '2001-05-21', 'Universidad Champagnat', 5441865020);
INSERT INTO ticket_owner_information (participant_tc, participant_name, participant_surname, participant_email, participant_birtday, participant_university, participant_phone) VALUES (76938130878, 'Brianna', 'Fisher', 'davisgeorge@gmail.com', '1992-12-16', 'Police Academy', 5437146754);
INSERT INTO ticket_owner_information (participant_tc, participant_name, participant_surname, participant_email, participant_birtday, participant_university, participant_phone) VALUES (77090424477, 'Stanley', 'Massey', 'jenniferpatel@gmail.com', '2001-05-23', 'Ittihad University', 5442108040);
INSERT INTO ticket_owner_information (participant_tc, participant_name, participant_surname, participant_email, participant_birtday, participant_university, participant_phone) VALUES (77508219595, 'Blake', 'Daniel', 'frederickbrooks@hotmail.com', '1999-10-22', 'University of Asia Pacific, Dhanmondi', 5443077146);
INSERT INTO ticket_owner_information (participant_tc, participant_name, participant_surname, participant_email, participant_birtday, participant_university, participant_phone) VALUES (77574976941, 'Adrienne', 'Foster', 'georgejennifer@hotmail.com', '2001-09-13', 'Technical University of Sofia', 5425817659);
INSERT INTO ticket_owner_information (participant_tc, participant_name, participant_surname, participant_email, participant_birtday, participant_university, participant_phone) VALUES (77906257044, 'Erin', 'Gutierrez', 'williamguerrero@gmail.com', '1997-10-12', 'Medical University of Sofia', 5455783368);
INSERT INTO ticket_owner_information (participant_tc, participant_name, participant_surname, participant_email, participant_birtday, participant_university, participant_phone) VALUES (78115886102, 'Laurie', 'Anderson', 'darlene57@yahoo.com', '1998-03-27', 'University of Tasmania', 5430281707);
INSERT INTO ticket_owner_information (participant_tc, participant_name, participant_surname, participant_email, participant_birtday, participant_university, participant_phone) VALUES (78159954837, 'Michael', 'Mendoza', 'caroline91@yahoo.com', '1997-03-19', 'National Military Academy of Afghanistan', 5422846198);
INSERT INTO ticket_owner_information (participant_tc, participant_name, participant_surname, participant_email, participant_birtday, participant_university, participant_phone) VALUES (78223835758, 'Stacy', 'Colon', 'barronkristen@griffith-davis.com', '2001-05-19', 'Rajshahi University of Engineering and Technology', 5422508351);
INSERT INTO ticket_owner_information (participant_tc, participant_name, participant_surname, participant_email, participant_birtday, participant_university, participant_phone) VALUES (78304477039, 'Charles', 'Cruz', 'kvazquez@hotmail.com', '1992-12-05', 'Dunya Institute of Higher Education', 5433833805);
INSERT INTO ticket_owner_information (participant_tc, participant_name, participant_surname, participant_email, participant_birtday, participant_university, participant_phone) VALUES (78615278616, 'Sarah', 'Stone', 'jillgardner@lane.com', '2000-09-27', 'Ibn Sina University', 5447522512);
INSERT INTO ticket_owner_information (participant_tc, participant_name, participant_surname, participant_email, participant_birtday, participant_university, participant_phone) VALUES (78959998899, 'Taylor', 'Garcia', 'andrewschroeder@hotmail.com', '1995-03-17', 'Australian National University', 5419290551);
INSERT INTO ticket_owner_information (participant_tc, participant_name, participant_surname, participant_email, participant_birtday, participant_university, participant_phone) VALUES (79040637844, 'Brett', 'Larson', 'taylor25@yahoo.com', '1992-11-25', 'Al Ghurair University', 5436898435);
INSERT INTO ticket_owner_information (participant_tc, participant_name, participant_surname, participant_email, participant_birtday, participant_university, participant_phone) VALUES (79561322492, 'Deborah', 'Hanna', 'kellypatterson@williams.com', '1997-05-28', 'Slobomir P Univerzitet', 5438619333);
INSERT INTO ticket_owner_information (participant_tc, participant_name, participant_surname, participant_email, participant_birtday, participant_university, participant_phone) VALUES (79820543443, 'Donna', 'Johnson', 'taylorconrad@grimes.biz', '1997-08-04', 'Bangladesh Open University', 5440573169);
INSERT INTO ticket_owner_information (participant_tc, participant_name, participant_surname, participant_email, participant_birtday, participant_university, participant_phone) VALUES (80193974904, 'Robert', 'Collins', 'andreamaldonado@hotmail.com', '1991-07-09', 'International University of Business Agriculture and Technology', 5421033856);
INSERT INTO ticket_owner_information (participant_tc, participant_name, participant_surname, participant_email, participant_birtday, participant_university, participant_phone) VALUES (80286337316, 'Kevin', 'Everett', 'michellemiller@yahoo.com', '1996-09-05', 'Badakhshan University', 5431911483);
INSERT INTO ticket_owner_information (participant_tc, participant_name, participant_surname, participant_email, participant_birtday, participant_university, participant_phone) VALUES (80372203222, 'Denise', 'Reed', 'newtonandrea@yahoo.com', '1999-02-01', 'Medical University Plovdiv', 5438134751);
INSERT INTO ticket_owner_information (participant_tc, participant_name, participant_surname, participant_email, participant_birtday, participant_university, participant_phone) VALUES (80383153029, 'Kathryn', 'Washington', 'harristodd@howell.com', '2001-06-05', 'Universidad Austral Buenos Aires', 5420767323);
INSERT INTO ticket_owner_information (participant_tc, participant_name, participant_surname, participant_email, participant_birtday, participant_university, participant_phone) VALUES (80554411605, 'Brian', 'King', 'jeff61@hotmail.com', '2001-01-11', 'American University in Dubai', 5446133637);
INSERT INTO ticket_owner_information (participant_tc, participant_name, participant_surname, participant_email, participant_birtday, participant_university, participant_phone) VALUES (80568425398, 'Brenda', 'Campbell', 'piercejacqueline@yahoo.com', '1994-04-05', 'Fachhochschulstudiengänge Krems IMC', 5443057214);
INSERT INTO ticket_owner_information (participant_tc, participant_name, participant_surname, participant_email, participant_birtday, participant_university, participant_phone) VALUES (80992845549, 'Sydney', 'Downs', 'brownvalerie@hotmail.com', '1990-11-25', 'Universidad del Museo Social Argentino', 5454833245);
INSERT INTO ticket_owner_information (participant_tc, participant_name, participant_surname, participant_email, participant_birtday, participant_university, participant_phone) VALUES (81071109938, 'Jessica', 'Stewart', 'jessicadonovan@hotmail.com', '1991-01-19', 'Odlar Yurdu University', 5456357820);
INSERT INTO ticket_owner_information (participant_tc, participant_name, participant_surname, participant_email, participant_birtday, participant_university, participant_phone) VALUES (81523040134, 'Daniel', 'Cox', 'pagestephanie@strickland.com', '1996-11-12', 'University of Zenica', 5431460523);
INSERT INTO ticket_owner_information (participant_tc, participant_name, participant_surname, participant_email, participant_birtday, participant_university, participant_phone) VALUES (82196964603, 'Matthew', 'Hawkins', 'angela52@white.info', '2002-10-22', 'Bakhtar University', 5453712966);
INSERT INTO ticket_owner_information (participant_tc, participant_name, participant_surname, participant_email, participant_birtday, participant_university, participant_phone) VALUES (82274501124, 'Betty', 'Sullivan', 'williamsbarbara@bean-montgomery.biz', '1992-11-08', 'Hamdan Bin Mohammed e-University', 5434887924);
INSERT INTO ticket_owner_information (participant_tc, participant_name, participant_surname, participant_email, participant_birtday, participant_university, participant_phone) VALUES (82562271601, 'Antonio', 'Hunter', 'tuckerbrandon@gmail.com', '1997-02-12', 'National Academy of Arts', 5452432707);
INSERT INTO ticket_owner_information (participant_tc, participant_name, participant_surname, participant_email, participant_birtday, participant_university, participant_phone) VALUES (83181899095, 'Kara', 'Ray', 'currychristian@hotmail.com', '1991-01-06', 'St.James''s School of Medicine, Bonaire', 5420259030);
INSERT INTO ticket_owner_information (participant_tc, participant_name, participant_surname, participant_email, participant_birtday, participant_university, participant_phone) VALUES (83228751789, 'Joshua', 'Richard', 'daniel16@hotmail.com', '1990-08-14', 'Curtin University of Technology', 5442985540);
INSERT INTO ticket_owner_information (participant_tc, participant_name, participant_surname, participant_email, participant_birtday, participant_university, participant_phone) VALUES (83283919900, 'Robert', 'Lynn', 'pwallace@burke.com', '1996-08-25', 'Medizinische Universität Innsbruck', 5425456395);
INSERT INTO ticket_owner_information (participant_tc, participant_name, participant_surname, participant_email, participant_birtday, participant_university, participant_phone) VALUES (83527749551, 'Veronica', 'Hart', 'josephbell@hotmail.com', '1992-09-18', 'University of Rousse', 5442370347);
INSERT INTO ticket_owner_information (participant_tc, participant_name, participant_surname, participant_email, participant_birtday, participant_university, participant_phone) VALUES (83668549407, 'Carrie', 'Byrd', 'ncallahan@hotmail.com', '1992-03-13', 'Universidad Católica de Cuyo', 5451076800);
INSERT INTO ticket_owner_information (participant_tc, participant_name, participant_surname, participant_email, participant_birtday, participant_university, participant_phone) VALUES (83761609587, 'Michael', 'Solis', 'sydneymcdowell@morales.net', '1995-11-19', 'Fachhochschule für Bank- und Finanzwirtschaft', 5438432772);
INSERT INTO ticket_owner_information (participant_tc, participant_name, participant_surname, participant_email, participant_birtday, participant_university, participant_phone) VALUES (83845077651, 'Veronica', 'Adams', 'daviddavis@hotmail.com', '1994-11-13', 'Ghazni University', 5437772486);
INSERT INTO ticket_owner_information (participant_tc, participant_name, participant_surname, participant_email, participant_birtday, participant_university, participant_phone) VALUES (84116250605, 'Virginia', 'Webb', 'wrightkimberly@gray.com', '2002-03-25', 'Universidad Nacional de Cuyo', 5456034001);
INSERT INTO ticket_owner_information (participant_tc, participant_name, participant_surname, participant_email, participant_birtday, participant_university, participant_phone) VALUES (84290548502, 'Brian', 'Young', 'dyoung@stewart.com', '2001-05-20', 'University of Gjirokstra "Eqerem Cabej"', 5451921071);
INSERT INTO ticket_owner_information (participant_tc, participant_name, participant_surname, participant_email, participant_birtday, participant_university, participant_phone) VALUES (84409841563, 'Joshua', 'Conrad', 'feliciapearson@barrera-martinez.com', '1994-03-21', 'Universidade Metropolitana de Angola', 5443956350);
INSERT INTO ticket_owner_information (participant_tc, participant_name, participant_surname, participant_email, participant_birtday, participant_university, participant_phone) VALUES (84415493113, 'Linda', 'Howell', 'daniel36@mejia.info', '1991-04-01', 'Kabul Medical University', 5423636311);
INSERT INTO ticket_owner_information (participant_tc, participant_name, participant_surname, participant_email, participant_birtday, participant_university, participant_phone) VALUES (84459157047, 'Corey', 'Johnson', 'lwatson@yahoo.com', '2001-05-19', 'Universiteit Antwerpen Management School', 5430948232);
INSERT INTO ticket_owner_information (participant_tc, participant_name, participant_surname, participant_email, participant_birtday, participant_university, participant_phone) VALUES (85512705644, 'Amy', 'Braun', 'smithjennifer@gmail.com', '2001-12-19', 'Military University Shoumen', 5444954391);
INSERT INTO ticket_owner_information (participant_tc, participant_name, participant_surname, participant_email, participant_birtday, participant_university, participant_phone) VALUES (86370215735, 'Alexander', 'Green', 'elizabeth24@mathis-davidson.biz', '1992-07-28', 'University Vitez In Travnik', 5454187807);
INSERT INTO ticket_owner_information (participant_tc, participant_name, participant_surname, participant_email, participant_birtday, participant_university, participant_phone) VALUES (86465040943, 'Timothy', 'Hoover', 'vfuller@nguyen.com', '2002-06-01', 'Flinders University of South Australia', 5419428919);
INSERT INTO ticket_owner_information (participant_tc, participant_name, participant_surname, participant_email, participant_birtday, participant_university, participant_phone) VALUES (86915070182, 'Kevin', 'Davis', 'acevedosonya@hotmail.com', '1998-04-03', 'Universität Vienna', 5447070303);
INSERT INTO ticket_owner_information (participant_tc, participant_name, participant_surname, participant_email, participant_birtday, participant_university, participant_phone) VALUES (86947402159, 'Jacqueline', 'Peterson', 'derricksaunders@buck-bush.com', '2000-01-23', 'Academy of Economics "Dimitur A. Tscenov"', 5420653168);
INSERT INTO ticket_owner_information (participant_tc, participant_name, participant_surname, participant_email, participant_birtday, participant_university, participant_phone) VALUES (86989686009, 'Shawn', 'Bender', 'juanfrank@munoz.com', '1998-10-18', 'Atish Dipankar University', 5426679142);
INSERT INTO ticket_owner_information (participant_tc, participant_name, participant_surname, participant_email, participant_birtday, participant_university, participant_phone) VALUES (87061893107, 'Christopher', 'Lara', 'heatherlane@miller.com', '1993-03-15', 'Vrije Universiteit Brussel', 5448168522);
INSERT INTO ticket_owner_information (participant_tc, participant_name, participant_surname, participant_email, participant_birtday, participant_university, participant_phone) VALUES (87306528778, 'Teresa', 'Bradley', 'ihubbard@gmail.com', '2002-04-26', 'Veliko Turnovo University "Cyril and Methodius"', 5421911161);
INSERT INTO ticket_owner_information (participant_tc, participant_name, participant_surname, participant_email, participant_birtday, participant_university, participant_phone) VALUES (87874616086, 'Ana', 'Luna', 'jennifertapia@sanders.com', '2002-06-10', 'Medizinische Universität Wien', 5427371338);
INSERT INTO ticket_owner_information (participant_tc, participant_name, participant_surname, participant_email, participant_birtday, participant_university, participant_phone) VALUES (87920198824, 'Mary', 'Sanchez', 'gonzalezmelissa@yahoo.com', '1994-01-03', 'Jagannath University', 5449371750);
INSERT INTO ticket_owner_information (participant_tc, participant_name, participant_surname, participant_email, participant_birtday, participant_university, participant_phone) VALUES (87960423777, 'Stephanie', 'Cole', 'troybell@gmail.com', '1996-05-28', 'Varna Free University', 5422941239);
INSERT INTO ticket_owner_information (participant_tc, participant_name, participant_surname, participant_email, participant_birtday, participant_university, participant_phone) VALUES (88138299719, 'Thomas', 'Cox', 'dwilson@thomas.com', '1991-06-23', 'Hasselt University', 5432506456);
INSERT INTO ticket_owner_information (participant_tc, participant_name, participant_surname, participant_email, participant_birtday, participant_university, participant_phone) VALUES (88239170918, 'Debra', 'Hart', 'richardlyons@simmons.info', '1994-05-08', 'Al-Birony University', 5424204225);
INSERT INTO ticket_owner_information (participant_tc, participant_name, participant_surname, participant_email, participant_birtday, participant_university, participant_phone) VALUES (88449894809, 'Brandon', 'Harris', 'hsmith@gmail.com', '1997-01-13', 'Universität für künstlerische und industrielle Gestaltung Linz', 5426549951);
INSERT INTO ticket_owner_information (participant_tc, participant_name, participant_surname, participant_email, participant_birtday, participant_university, participant_phone) VALUES (88736652900, 'Mason', 'Diaz', 'qgordon@hotmail.com', '1994-05-08', 'Islamic University of Technology', 5450355164);
INSERT INTO ticket_owner_information (participant_tc, participant_name, participant_surname, participant_email, participant_birtday, participant_university, participant_phone) VALUES (88737865288, 'Samantha', 'Spence', 'millerrhonda@gmail.com', '1993-10-27', 'The Emirates Academy of Hotel Managment', 5428828694);
INSERT INTO ticket_owner_information (participant_tc, participant_name, participant_surname, participant_email, participant_birtday, participant_university, participant_phone) VALUES (88835032770, 'Derrick', 'Poole', 'robertbarrett@sanchez.net', '1992-10-04', 'University of Development Alternative', 5425702365);
INSERT INTO ticket_owner_information (participant_tc, participant_name, participant_surname, participant_email, participant_birtday, participant_university, participant_phone) VALUES (89666359775, 'John', 'Johnson', 'charles65@patton.com', '2000-08-14', 'Al Khawarizmi International College', 5440198898);
INSERT INTO ticket_owner_information (participant_tc, participant_name, participant_surname, participant_email, participant_birtday, participant_university, participant_phone) VALUES (89708449092, 'Joseph', 'Taylor', 'zimmermanjamie@smith.com', '1998-02-28', 'Khazar University', 5450386416);
INSERT INTO ticket_owner_information (participant_tc, participant_name, participant_surname, participant_email, participant_birtday, participant_university, participant_phone) VALUES (90039619712, 'Travis', 'Clark', 'bradleykeith@walker-howard.net', '1998-06-04', 'Universität Mozarteum Salzburg', 5429645017);
INSERT INTO ticket_owner_information (participant_tc, participant_name, participant_surname, participant_email, participant_birtday, participant_university, participant_phone) VALUES (90062078263, 'Lisa', 'Ford', 'codyrodgers@gmail.com', '2000-07-14', 'Rak Medical & Health Sciences University', 5438030773);
INSERT INTO ticket_owner_information (participant_tc, participant_name, participant_surname, participant_email, participant_birtday, participant_university, participant_phone) VALUES (90079660067, 'Ruben', 'Lewis', 'bperez@mccarthy.com', '1997-08-24', 'Qafqaz University', 5445000169);
INSERT INTO ticket_owner_information (participant_tc, participant_name, participant_surname, participant_email, participant_birtday, participant_university, participant_phone) VALUES (90119888397, 'Jason', 'Jackson', 'jacob79@yahoo.com', '2001-08-05', 'East Delta University', 5440618644);
INSERT INTO ticket_owner_information (participant_tc, participant_name, participant_surname, participant_email, participant_birtday, participant_university, participant_phone) VALUES (90124080970, 'Tanner', 'Perkins', 'lewiskenneth@yahoo.com', '1991-07-11', 'Fachhochschule Kärnten', 5455353951);
INSERT INTO ticket_owner_information (participant_tc, participant_name, participant_surname, participant_email, participant_birtday, participant_university, participant_phone) VALUES (90221312056, 'Morgan', 'Jackson', 'bethany06@johnson.info', '1990-08-11', 'Universidad de San Andres', 5452721531);
INSERT INTO ticket_owner_information (participant_tc, participant_name, participant_surname, participant_email, participant_birtday, participant_university, participant_phone) VALUES (90334309452, 'Michael', 'Holmes', 'bryanbrown@yahoo.com', '2000-01-01', 'National University', 5453915339);
INSERT INTO ticket_owner_information (participant_tc, participant_name, participant_surname, participant_email, participant_birtday, participant_university, participant_phone) VALUES (90348955043, 'Jody', 'Phillips', 'kyle11@gmail.com', '1993-10-12', 'Epoka University', 5422735348);
INSERT INTO ticket_owner_information (participant_tc, participant_name, participant_surname, participant_email, participant_birtday, participant_university, participant_phone) VALUES (90451890052, 'Amber', 'Lee', 'richardsonmaria@yahoo.com', '1990-12-18', 'Fachhochschule St. Pölten', 5454422677);
INSERT INTO ticket_owner_information (participant_tc, participant_name, participant_surname, participant_email, participant_birtday, participant_university, participant_phone) VALUES (90714882138, 'Benjamin', 'Clayton', 'rebecca46@yahoo.com', '2000-10-13', 'Academy of Sports and Physical Training', 5444003615);
INSERT INTO ticket_owner_information (participant_tc, participant_name, participant_surname, participant_email, participant_birtday, participant_university, participant_phone) VALUES (90788772451, 'Daisy', 'Taylor', 'markburke@davis.info', '1991-07-13', 'International Burch University', 5449445132);
INSERT INTO ticket_owner_information (participant_tc, participant_name, participant_surname, participant_email, participant_birtday, participant_university, participant_phone) VALUES (91647702767, 'Brenda', 'Gonzales', 'paulwalker@hicks.com', '1992-08-05', 'Nakhchivan Private University', 5439872809);
INSERT INTO ticket_owner_information (participant_tc, participant_name, participant_surname, participant_email, participant_birtday, participant_university, participant_phone) VALUES (91877424962, 'Angela', 'Bishop', 'johnsonashley@wood.org', '2002-03-02', 'University of Ballarat', 5426299714);
INSERT INTO ticket_owner_information (participant_tc, participant_name, participant_surname, participant_email, participant_birtday, participant_university, participant_phone) VALUES (92270871980, 'Elizabeth', 'Cooper', 'cmartinez@perry-walker.com', '2001-06-24', 'Gulf Medical University', 5422710664);
INSERT INTO ticket_owner_information (participant_tc, participant_name, participant_surname, participant_email, participant_birtday, participant_university, participant_phone) VALUES (92509838434, 'Alan', 'Maxwell', 'coreyramirez@davis-davenport.com', '1998-03-11', 'Universidad de Congreso', 5427641102);
INSERT INTO ticket_owner_information (participant_tc, participant_name, participant_surname, participant_email, participant_birtday, participant_university, participant_phone) VALUES (92523818455, 'Krystal', 'Frazier', 'robertstokes@gmail.com', '1992-10-12', 'Agricultural University of Plovdiv', 5457694061);
INSERT INTO ticket_owner_information (participant_tc, participant_name, participant_surname, participant_email, participant_birtday, participant_university, participant_phone) VALUES (92628132601, 'Vanessa', 'Calderon', 'theodore81@yahoo.com', '1995-04-26', 'Fachhochschulstudiengänge Steyr', 5455213417);
INSERT INTO ticket_owner_information (participant_tc, participant_name, participant_surname, participant_email, participant_birtday, participant_university, participant_phone) VALUES (92712569933, 'Amber', 'Anderson', 'xsmith@hotmail.com', '1990-05-03', 'Universidad Nacional de General Sarmiento', 5433657531);
INSERT INTO ticket_owner_information (participant_tc, participant_name, participant_surname, participant_email, participant_birtday, participant_university, participant_phone) VALUES (92808358842, 'William', 'Arias', 'jenkinsmichael@callahan.com', '2001-11-20', 'Azerbaijan State Oil Academy', 5429429200);
INSERT INTO ticket_owner_information (participant_tc, participant_name, participant_surname, participant_email, participant_birtday, participant_university, participant_phone) VALUES (93003803128, 'Julie', 'Cruz', 'melissa65@newman.info', '2001-11-05', 'Univerzitet u Mostaru "Dzemal Bijedic"', 5448153963);
INSERT INTO ticket_owner_information (participant_tc, participant_name, participant_surname, participant_email, participant_birtday, participant_university, participant_phone) VALUES (93114409455, 'Ashley', 'Parsons', 'teresadeleon@gmail.com', '1995-10-16', 'Universidade Tecnica de Angola', 5439166932);
INSERT INTO ticket_owner_information (participant_tc, participant_name, participant_surname, participant_email, participant_birtday, participant_university, participant_phone) VALUES (93325999740, 'Brandon', 'Graham', 'josephgregory@yahoo.com', '1994-08-07', 'Dubai Pharmacy College', 5446669050);
INSERT INTO ticket_owner_information (participant_tc, participant_name, participant_surname, participant_email, participant_birtday, participant_university, participant_phone) VALUES (93447052568, 'Sean', 'Huffman', 'phillip72@cohen.com', '1995-10-24', 'Universidad Nacional de Quilmes', 5450371290);
INSERT INTO ticket_owner_information (participant_tc, participant_name, participant_surname, participant_email, participant_birtday, participant_university, participant_phone) VALUES (93681737080, 'Aaron', 'Molina', 'fosterjasmin@gmail.com', '1992-01-02', 'Fachhochschulstudiengänge Wels', 5443470111);
INSERT INTO ticket_owner_information (participant_tc, participant_name, participant_surname, participant_email, participant_birtday, participant_university, participant_phone) VALUES (93912070077, 'Jeremiah', 'Hoffman', 'hebertangela@hotmail.com', '1999-07-01', 'Bangladesh University', 5446420519);
INSERT INTO ticket_owner_information (participant_tc, participant_name, participant_surname, participant_email, participant_birtday, participant_university, participant_phone) VALUES (94089600374, 'Scott', 'Young', 'donaldshaw@gmail.com', '1991-02-26', 'Kandahar University', 5435479596);
INSERT INTO ticket_owner_information (participant_tc, participant_name, participant_surname, participant_email, participant_birtday, participant_university, participant_phone) VALUES (94572897108, 'Brian', 'Tate', 'yolanda48@gomez.com', '2002-06-16', 'Queens University', 5454820539);
INSERT INTO ticket_owner_information (participant_tc, participant_name, participant_surname, participant_email, participant_birtday, participant_university, participant_phone) VALUES (94676325376, 'Carrie', 'Vincent', 'vegajohn@hotmail.com', '2001-07-25', 'La Trobe University', 5444921354);
INSERT INTO ticket_owner_information (participant_tc, participant_name, participant_surname, participant_email, participant_birtday, participant_university, participant_phone) VALUES (94868688921, 'Norma', 'Brooks', 'morganbobby@murphy.net', '1995-03-03', 'Eastern University', 5435006791);
INSERT INTO ticket_owner_information (participant_tc, participant_name, participant_surname, participant_email, participant_birtday, participant_university, participant_phone) VALUES (94997082013, 'Misty', 'Murray', 'cindy37@gmail.com', '1999-05-08', 'University of Notre Dame Australia', 5449667121);
INSERT INTO ticket_owner_information (participant_tc, participant_name, participant_surname, participant_email, participant_birtday, participant_university, participant_phone) VALUES (95015046993, 'Jose', 'Brown', 'hammondlauren@gmail.com', '1994-03-03', 'Charles Sturt University', 5454754193);
INSERT INTO ticket_owner_information (participant_tc, participant_name, participant_surname, participant_email, participant_birtday, participant_university, participant_phone) VALUES (95156654930, 'Kathleen', 'James', 'fmcdonald@watson.com', '1990-08-02', 'Kabul Education University', 5441117359);
INSERT INTO ticket_owner_information (participant_tc, participant_name, participant_surname, participant_email, participant_birtday, participant_university, participant_phone) VALUES (95363025995, 'James', 'Oconnor', 'ulopez@yahoo.com', '1997-04-13', 'Universidad Nacional de Rosario', 5433287176);
INSERT INTO ticket_owner_information (participant_tc, participant_name, participant_surname, participant_email, participant_birtday, participant_university, participant_phone) VALUES (95386302988, 'Julie', 'Conner', 'michaelstephens@gmail.com', '1999-01-27', 'Akademie der bildenden Künste Wien', 5443724030);
INSERT INTO ticket_owner_information (participant_tc, participant_name, participant_surname, participant_email, participant_birtday, participant_university, participant_phone) VALUES (95409220503, 'Kimberly', 'Woods', 'cooklisa@yahoo.com', '1999-07-11', 'Bost University', 5427571188);
INSERT INTO ticket_owner_information (participant_tc, participant_name, participant_surname, participant_email, participant_birtday, participant_university, participant_phone) VALUES (95435151830, 'Laura', 'Schroeder', 'amyfischer@hotmail.com', '1992-02-28', 'International University College', 5440956759);
INSERT INTO ticket_owner_information (participant_tc, participant_name, participant_surname, participant_email, participant_birtday, participant_university, participant_phone) VALUES (95615120316, 'Mark', 'Johnson', 'logantammy@gmail.com', '2000-12-19', 'University of Wollongong - Dubai Campus', 5432151746);
INSERT INTO ticket_owner_information (participant_tc, participant_name, participant_surname, participant_email, participant_birtday, participant_university, participant_phone) VALUES (95906429971, 'Penny', 'Clarke', 'walkermelissa@yahoo.com', '1999-02-07', 'Universidad del Norte "Santo Tomás de Aquino"', 5428867507);
INSERT INTO ticket_owner_information (participant_tc, participant_name, participant_surname, participant_email, participant_birtday, participant_university, participant_phone) VALUES (96197189750, 'Nicholas', 'Osborne', 'kaufmandonna@bates.biz', '2001-03-16', 'Sylhet Agricultural University', 5422360948);
INSERT INTO ticket_owner_information (participant_tc, participant_name, participant_surname, participant_email, participant_birtday, participant_university, participant_phone) VALUES (96229909429, 'Matthew', 'Jordan', 'jacobclark@smith.info', '1999-03-28', 'Instituto Universitario de Ciencias de la Salud Fundación H.A. Barceló', 5441389304);
INSERT INTO ticket_owner_information (participant_tc, participant_name, participant_surname, participant_email, participant_birtday, participant_university, participant_phone) VALUES (96441648131, 'Noah', 'Whitaker', 'sabrina38@hotmail.com', '1998-08-27', 'American University of Afghanistan', 5438719354);
INSERT INTO ticket_owner_information (participant_tc, participant_name, participant_surname, participant_email, participant_birtday, participant_university, participant_phone) VALUES (96707269972, 'Courtney', 'Cochran', 'maria53@clark-wells.biz', '1990-11-22', 'University of Dhaka', 5443498140);
INSERT INTO ticket_owner_information (participant_tc, participant_name, participant_surname, participant_email, participant_birtday, participant_university, participant_phone) VALUES (96856575182, 'Donna', 'Carrillo', 'vbarr@hotmail.com', '1999-07-26', 'American University of Armenia', 5419712853);
INSERT INTO ticket_owner_information (participant_tc, participant_name, participant_surname, participant_email, participant_birtday, participant_university, participant_phone) VALUES (97041532639, 'Thomas', 'Moreno', 'williamsmatthew@figueroa-jones.com', '1992-12-05', 'Ganja State University ', 5423054816);
INSERT INTO ticket_owner_information (participant_tc, participant_name, participant_surname, participant_email, participant_birtday, participant_university, participant_phone) VALUES (97248833464, 'Allison', 'Moore', 'herrerashelley@graham-williams.net', '1995-04-21', 'Fachhochschule Kufstein (Tirol)', 5433344260);
INSERT INTO ticket_owner_information (participant_tc, participant_name, participant_surname, participant_email, participant_birtday, participant_university, participant_phone) VALUES (97267412791, 'Jenna', 'Myers', 'gmccann@garner-brown.com', '1999-12-03', 'Instituto Universitario Nacional del Arte', 5454811308);
INSERT INTO ticket_owner_information (participant_tc, participant_name, participant_surname, participant_email, participant_birtday, participant_university, participant_phone) VALUES (97786886793, 'Teresa', 'Kennedy', 'michellesalazar@hotmail.com', '1994-08-27', 'University of Wollongong', 5439944924);
INSERT INTO ticket_owner_information (participant_tc, participant_name, participant_surname, participant_email, participant_birtday, participant_university, participant_phone) VALUES (97823917509, 'Kevin', 'Smith', 'kramercharles@christensen-norris.com', '2002-10-14', 'Universidad Católica de La Plata', 5436371650);
INSERT INTO ticket_owner_information (participant_tc, participant_name, participant_surname, participant_email, participant_birtday, participant_university, participant_phone) VALUES (98175500235, 'Kelly', 'Bishop', 'richard09@harris.com', '1991-12-22', 'Universidad del Centro Educativo Latinoamericano Rosario', 5432032490);
INSERT INTO ticket_owner_information (participant_tc, participant_name, participant_surname, participant_email, participant_birtday, participant_university, participant_phone) VALUES (98827149879, 'David', 'Cannon', 'holtmichelle@hotmail.com', '1995-09-20', 'United Business Institute', 5433279857);
INSERT INTO ticket_owner_information (participant_tc, participant_name, participant_surname, participant_email, participant_birtday, participant_university, participant_phone) VALUES (98901478354, 'George', 'Aguilar', 'johnsonlindsey@hotmail.com', '1997-08-12', 'Azerbaijan Technology University', 5430848828);
INSERT INTO ticket_owner_information (participant_tc, participant_name, participant_surname, participant_email, participant_birtday, participant_university, participant_phone) VALUES (99102018374, 'Shelley', 'Shelton', 'campbellrobert@gmail.com', '2002-02-07', 'Universidad de Mendoza', 5433095393);
INSERT INTO ticket_owner_information (participant_tc, participant_name, participant_surname, participant_email, participant_birtday, participant_university, participant_phone) VALUES (99156183410, 'Erica', 'Newton', 'belllarry@hotmail.com', '2001-03-09', 'Yerevan Haibusak University', 5424675041);
INSERT INTO ticket_owner_information (participant_tc, participant_name, participant_surname, participant_email, participant_birtday, participant_university, participant_phone) VALUES (99274156866, 'Christopher', 'Bradley', 'smaxwell@gmail.com', '2000-12-20', 'Zayed University', 5424758100);
INSERT INTO ticket_owner_information (participant_tc, participant_name, participant_surname, participant_email, participant_birtday, participant_university, participant_phone) VALUES (99433516340, 'Elizabeth', 'Johnson', 'gkrueger@moss-roberts.net', '1996-01-15', 'Erasmushogeschool Brussel', 5452873260);
INSERT INTO ticket_owner_information (participant_tc, participant_name, participant_surname, participant_email, participant_birtday, participant_university, participant_phone) VALUES (99587539689, 'Amy', 'Callahan', 'jeannejames@campbell.org', '1993-04-07', 'National Academy for Theatre and Film Arts "Krustju Sarafov"', 5419044970);
INSERT INTO ticket_owner_information (participant_tc, participant_name, participant_surname, participant_email, participant_birtday, participant_university, participant_phone) VALUES (99629896467, 'Timothy', 'Johnson', 'adamsricardo@yahoo.com', '2000-01-05', 'Universidad de Ciencias Empresariales y Sociales', 5442390398);
INSERT INTO ticket_owner_information (participant_tc, participant_name, participant_surname, participant_email, participant_birtday, participant_university, participant_phone) VALUES (99682885607, 'Ruben', 'Howard', 'amoore@hotmail.com', '1994-11-26', 'University of Chemical Technology and Metallurgy', 5444223005);
INSERT INTO ticket_owner_information (participant_tc, participant_name, participant_surname, participant_email, participant_birtday, participant_university, participant_phone) VALUES (99829975814, 'Ralph', 'Combs', 'epearson@dickerson-cooper.net', '2002-06-02', 'Universidad de Concepción del Uruguay', 5457123358);
INSERT INTO ticket_owner_information (participant_tc, participant_name, participant_surname, participant_email, participant_birtday, participant_university, participant_phone) VALUES (99872233213, 'Jessica', 'Collins', 'annettebrown@gmail.com', '1996-06-10', 'Swinburne University of Technology', 5454915961);
INSERT INTO ticket_owner_information (participant_tc, participant_name, participant_surname, participant_email, participant_birtday, participant_university, participant_phone) VALUES (99912269264, 'Julian', 'Skinner', 'wduffy@brown.com', '1996-09-03', 'International Culture University ', 5448505445);
INSERT INTO ticket_owner_information (participant_tc, participant_name, participant_surname, participant_email, participant_birtday, participant_university, participant_phone) VALUES (99994874000, 'Mason', 'Roberts', 'fishersarah@walker.org', '1991-08-25', 'People''s University of Bangladesh', 5434418754);


-- Table: ticket_owner_major


INSERT INTO ticket_owner_major (participant_tc, participant_major) VALUES (79040637844, 'GEN');
INSERT INTO ticket_owner_major (participant_tc, participant_major) VALUES (40567924538, 'COMP');
INSERT INTO ticket_owner_major (participant_tc, participant_major) VALUES (89666359775, 'IEEE');
INSERT INTO ticket_owner_major (participant_tc, participant_major) VALUES (41819878226, 'GEN');
INSERT INTO ticket_owner_major (participant_tc, participant_major) VALUES (80554411605, 'IEEE');
INSERT INTO ticket_owner_major (participant_tc, participant_major) VALUES (11710341577, 'MEC');
INSERT INTO ticket_owner_major (participant_tc, participant_major) VALUES (70480907927, 'BIO');
INSERT INTO ticket_owner_major (participant_tc, participant_major) VALUES (31087434216, 'IEEE');
INSERT INTO ticket_owner_major (participant_tc, participant_major) VALUES (26717343128, 'GEN');
INSERT INTO ticket_owner_major (participant_tc, participant_major) VALUES (93325999740, 'GEN');
INSERT INTO ticket_owner_major (participant_tc, participant_major) VALUES (75484986466, 'MED');
INSERT INTO ticket_owner_major (participant_tc, participant_major) VALUES (92270871980, 'MED');
INSERT INTO ticket_owner_major (participant_tc, participant_major) VALUES (82274501124, 'BIO');
INSERT INTO ticket_owner_major (participant_tc, participant_major) VALUES (39462863153, 'GEN');
INSERT INTO ticket_owner_major (participant_tc, participant_major) VALUES (77090424477, 'IEEE');
INSERT INTO ticket_owner_major (participant_tc, participant_major) VALUES (32087788957, 'ARTH');
INSERT INTO ticket_owner_major (participant_tc, participant_major) VALUES (73112423661, 'COMP');
INSERT INTO ticket_owner_major (participant_tc, participant_major) VALUES (37275043273, 'IEEE');
INSERT INTO ticket_owner_major (participant_tc, participant_major) VALUES (20858268259, 'BIO');
INSERT INTO ticket_owner_major (participant_tc, participant_major) VALUES (65864513248, 'IEEE');
INSERT INTO ticket_owner_major (participant_tc, participant_major) VALUES (63380317777, 'COMP');
INSERT INTO ticket_owner_major (participant_tc, participant_major) VALUES (90062078263, 'ARTH');
INSERT INTO ticket_owner_major (participant_tc, participant_major) VALUES (36633052254, 'BIO');
INSERT INTO ticket_owner_major (participant_tc, participant_major) VALUES (60447592292, 'ARTH');
INSERT INTO ticket_owner_major (participant_tc, participant_major) VALUES (22608240854, 'CHEM');
INSERT INTO ticket_owner_major (participant_tc, participant_major) VALUES (88737865288, 'IEEE');
INSERT INTO ticket_owner_major (participant_tc, participant_major) VALUES (32446318986, 'PHYS');
INSERT INTO ticket_owner_major (participant_tc, participant_major) VALUES (46005918196, 'BIO');
INSERT INTO ticket_owner_major (participant_tc, participant_major) VALUES (61076050962, 'BIO');
INSERT INTO ticket_owner_major (participant_tc, participant_major) VALUES (16337663990, 'IE');
INSERT INTO ticket_owner_major (participant_tc, participant_major) VALUES (25768099755, 'CHEM');
INSERT INTO ticket_owner_major (participant_tc, participant_major) VALUES (95615120316, 'ARTH');
INSERT INTO ticket_owner_major (participant_tc, participant_major) VALUES (99274156866, 'COMP');
INSERT INTO ticket_owner_major (participant_tc, participant_major) VALUES (56517126068, 'MEC');
INSERT INTO ticket_owner_major (participant_tc, participant_major) VALUES (88239170918, 'COMP');
INSERT INTO ticket_owner_major (participant_tc, participant_major) VALUES (96441648131, 'PHYS');
INSERT INTO ticket_owner_major (participant_tc, participant_major) VALUES (54039088108, 'ARTH');
INSERT INTO ticket_owner_major (participant_tc, participant_major) VALUES (80286337316, 'COMP');
INSERT INTO ticket_owner_major (participant_tc, participant_major) VALUES (12553351058, 'BIO');
INSERT INTO ticket_owner_major (participant_tc, participant_major) VALUES (82196964603, 'MED');
INSERT INTO ticket_owner_major (participant_tc, participant_major) VALUES (29559793948, 'IEEE');
INSERT INTO ticket_owner_major (participant_tc, participant_major) VALUES (51111921784, 'BIO');
INSERT INTO ticket_owner_major (participant_tc, participant_major) VALUES (95409220503, 'MEC');
INSERT INTO ticket_owner_major (participant_tc, participant_major) VALUES (49863878822, 'BIO');
INSERT INTO ticket_owner_major (participant_tc, participant_major) VALUES (78304477039, 'IEEE');
INSERT INTO ticket_owner_major (participant_tc, participant_major) VALUES (63225735350, 'PHYS');
INSERT INTO ticket_owner_major (participant_tc, participant_major) VALUES (83845077651, 'ARTH');
INSERT INTO ticket_owner_major (participant_tc, participant_major) VALUES (10327656399, 'COMP');
INSERT INTO ticket_owner_major (participant_tc, participant_major) VALUES (78615278616, 'CHEM');
INSERT INTO ticket_owner_major (participant_tc, participant_major) VALUES (34140444872, 'BIO');
INSERT INTO ticket_owner_major (participant_tc, participant_major) VALUES (61989720948, 'IE');
INSERT INTO ticket_owner_major (participant_tc, participant_major) VALUES (95156654930, 'IE');
INSERT INTO ticket_owner_major (participant_tc, participant_major) VALUES (24952923496, 'CHEM');
INSERT INTO ticket_owner_major (participant_tc, participant_major) VALUES (84415493113, 'IE');
INSERT INTO ticket_owner_major (participant_tc, participant_major) VALUES (23191711795, 'GEN');
INSERT INTO ticket_owner_major (participant_tc, participant_major) VALUES (94089600374, 'IEEE');
INSERT INTO ticket_owner_major (participant_tc, participant_major) VALUES (44261738724, 'IEEE');
INSERT INTO ticket_owner_major (participant_tc, participant_major) VALUES (20430032001, 'GEN');
INSERT INTO ticket_owner_major (participant_tc, participant_major) VALUES (49629770915, 'MEC');
INSERT INTO ticket_owner_major (participant_tc, participant_major) VALUES (43208974095, 'IEEE');
INSERT INTO ticket_owner_major (participant_tc, participant_major) VALUES (12487290713, 'MEC');
INSERT INTO ticket_owner_major (participant_tc, participant_major) VALUES (59430381025, 'ARTH');
INSERT INTO ticket_owner_major (participant_tc, participant_major) VALUES (70580859193, 'IE');
INSERT INTO ticket_owner_major (participant_tc, participant_major) VALUES (78159954837, 'PHYS');
INSERT INTO ticket_owner_major (participant_tc, participant_major) VALUES (28080681021, 'MEC');
INSERT INTO ticket_owner_major (participant_tc, participant_major) VALUES (19230731437, 'COMP');
INSERT INTO ticket_owner_major (participant_tc, participant_major) VALUES (28286263117, 'PHYS');
INSERT INTO ticket_owner_major (participant_tc, participant_major) VALUES (26453801051, 'CHEM');
INSERT INTO ticket_owner_major (participant_tc, participant_major) VALUES (68188493416, 'IE');
INSERT INTO ticket_owner_major (participant_tc, participant_major) VALUES (29062322050, 'BIO');
INSERT INTO ticket_owner_major (participant_tc, participant_major) VALUES (38183216267, 'CHEM');
INSERT INTO ticket_owner_major (participant_tc, participant_major) VALUES (50621064348, 'MEC');
INSERT INTO ticket_owner_major (participant_tc, participant_major) VALUES (66176040920, 'IEEE');
INSERT INTO ticket_owner_major (participant_tc, participant_major) VALUES (51377737609, 'GEN');
INSERT INTO ticket_owner_major (participant_tc, participant_major) VALUES (19183205749, 'MEC');
INSERT INTO ticket_owner_major (participant_tc, participant_major) VALUES (55149443691, 'ARTH');
INSERT INTO ticket_owner_major (participant_tc, participant_major) VALUES (35895441050, 'MED');
INSERT INTO ticket_owner_major (participant_tc, participant_major) VALUES (90714882138, 'IE');
INSERT INTO ticket_owner_major (participant_tc, participant_major) VALUES (58232686400, 'IE');
INSERT INTO ticket_owner_major (participant_tc, participant_major) VALUES (25905777883, 'IEEE');
INSERT INTO ticket_owner_major (participant_tc, participant_major) VALUES (27755150594, 'PHYS');
INSERT INTO ticket_owner_major (participant_tc, participant_major) VALUES (90348955043, 'IEEE');
INSERT INTO ticket_owner_major (participant_tc, participant_major) VALUES (39493015687, 'MED');
INSERT INTO ticket_owner_major (participant_tc, participant_major) VALUES (50908727676, 'ARTH');
INSERT INTO ticket_owner_major (participant_tc, participant_major) VALUES (84290548502, 'PHYS');
INSERT INTO ticket_owner_major (participant_tc, participant_major) VALUES (58628726371, 'MED');
INSERT INTO ticket_owner_major (participant_tc, participant_major) VALUES (49854942038, 'BIO');
INSERT INTO ticket_owner_major (participant_tc, participant_major) VALUES (48752342624, 'COMP');
INSERT INTO ticket_owner_major (participant_tc, participant_major) VALUES (30255781040, 'MED');
INSERT INTO ticket_owner_major (participant_tc, participant_major) VALUES (67415742847, 'COMP');
INSERT INTO ticket_owner_major (participant_tc, participant_major) VALUES (56629046247, 'GEN');
INSERT INTO ticket_owner_major (participant_tc, participant_major) VALUES (96856575182, 'PHYS');
INSERT INTO ticket_owner_major (participant_tc, participant_major) VALUES (14318165830, 'BIO');
INSERT INTO ticket_owner_major (participant_tc, participant_major) VALUES (76778678574, 'PHYS');
INSERT INTO ticket_owner_major (participant_tc, participant_major) VALUES (61955919832, 'MED');
INSERT INTO ticket_owner_major (participant_tc, participant_major) VALUES (63206969307, 'GEN');
INSERT INTO ticket_owner_major (participant_tc, participant_major) VALUES (15297335820, 'COMP');
INSERT INTO ticket_owner_major (participant_tc, participant_major) VALUES (69356843937, 'IE');
INSERT INTO ticket_owner_major (participant_tc, participant_major) VALUES (49821179746, 'GEN');
INSERT INTO ticket_owner_major (participant_tc, participant_major) VALUES (63874783780, 'IEEE');
INSERT INTO ticket_owner_major (participant_tc, participant_major) VALUES (99156183410, 'BIO');
INSERT INTO ticket_owner_major (participant_tc, participant_major) VALUES (48447059227, 'IEEE');
INSERT INTO ticket_owner_major (participant_tc, participant_major) VALUES (44836928820, 'GEN');
INSERT INTO ticket_owner_major (participant_tc, participant_major) VALUES (51592037824, 'ARTH');
INSERT INTO ticket_owner_major (participant_tc, participant_major) VALUES (72511758676, 'PHYS');
INSERT INTO ticket_owner_major (participant_tc, participant_major) VALUES (83181899095, 'MEC');
INSERT INTO ticket_owner_major (participant_tc, participant_major) VALUES (56300550913, 'BIO');
INSERT INTO ticket_owner_major (participant_tc, participant_major) VALUES (55672086923, 'IEEE');
INSERT INTO ticket_owner_major (participant_tc, participant_major) VALUES (47313573019, 'CHEM');
INSERT INTO ticket_owner_major (participant_tc, participant_major) VALUES (54597114836, 'PHYS');
INSERT INTO ticket_owner_major (participant_tc, participant_major) VALUES (74723255765, 'MEC');
INSERT INTO ticket_owner_major (participant_tc, participant_major) VALUES (51848083151, 'GEN');
INSERT INTO ticket_owner_major (participant_tc, participant_major) VALUES (65639704748, 'MEC');
INSERT INTO ticket_owner_major (participant_tc, participant_major) VALUES (84409841563, 'COMP');
INSERT INTO ticket_owner_major (participant_tc, participant_major) VALUES (93114409455, 'CHEM');
INSERT INTO ticket_owner_major (participant_tc, participant_major) VALUES (22045747029, 'MED');
INSERT INTO ticket_owner_major (participant_tc, participant_major) VALUES (34446587144, 'COMP');
INSERT INTO ticket_owner_major (participant_tc, participant_major) VALUES (64561794322, 'BIO');
INSERT INTO ticket_owner_major (participant_tc, participant_major) VALUES (11146229557, 'BIO');
INSERT INTO ticket_owner_major (participant_tc, participant_major) VALUES (49069928430, 'PHYS');
INSERT INTO ticket_owner_major (participant_tc, participant_major) VALUES (61766769921, 'CHEM');
INSERT INTO ticket_owner_major (participant_tc, participant_major) VALUES (96229909429, 'PHYS');
INSERT INTO ticket_owner_major (participant_tc, participant_major) VALUES (27377765878, 'IE');
INSERT INTO ticket_owner_major (participant_tc, participant_major) VALUES (30911007780, 'IEEE');
INSERT INTO ticket_owner_major (participant_tc, participant_major) VALUES (97267412791, 'MED');
INSERT INTO ticket_owner_major (participant_tc, participant_major) VALUES (56718914638, 'COMP');
INSERT INTO ticket_owner_major (participant_tc, participant_major) VALUES (45044725556, 'PHYS');
INSERT INTO ticket_owner_major (participant_tc, participant_major) VALUES (27768267437, 'COMP');
INSERT INTO ticket_owner_major (participant_tc, participant_major) VALUES (51295686618, 'COMP');
INSERT INTO ticket_owner_major (participant_tc, participant_major) VALUES (19326699361, 'MEC');
INSERT INTO ticket_owner_major (participant_tc, participant_major) VALUES (80383153029, 'ARTH');
INSERT INTO ticket_owner_major (participant_tc, participant_major) VALUES (37035035239, 'IE');
INSERT INTO ticket_owner_major (participant_tc, participant_major) VALUES (12038869366, 'IE');
INSERT INTO ticket_owner_major (participant_tc, participant_major) VALUES (55643441113, 'CHEM');
INSERT INTO ticket_owner_major (participant_tc, participant_major) VALUES (45639748397, 'IEEE');
INSERT INTO ticket_owner_major (participant_tc, participant_major) VALUES (24330369584, 'BIO');
INSERT INTO ticket_owner_major (participant_tc, participant_major) VALUES (83668549407, 'IE');
INSERT INTO ticket_owner_major (participant_tc, participant_major) VALUES (97823917509, 'MEC');
INSERT INTO ticket_owner_major (participant_tc, participant_major) VALUES (34504372887, 'IE');
INSERT INTO ticket_owner_major (participant_tc, participant_major) VALUES (73823326234, 'GEN');
INSERT INTO ticket_owner_major (participant_tc, participant_major) VALUES (15634809694, 'BIO');
INSERT INTO ticket_owner_major (participant_tc, participant_major) VALUES (76862073472, 'COMP');
INSERT INTO ticket_owner_major (participant_tc, participant_major) VALUES (60399280523, 'IE');
INSERT INTO ticket_owner_major (participant_tc, participant_major) VALUES (67976966201, 'IE');
INSERT INTO ticket_owner_major (participant_tc, participant_major) VALUES (15787328540, 'GEN');
INSERT INTO ticket_owner_major (participant_tc, participant_major) VALUES (99629896467, 'ARTH');
INSERT INTO ticket_owner_major (participant_tc, participant_major) VALUES (99829975814, 'IE');
INSERT INTO ticket_owner_major (participant_tc, participant_major) VALUES (92509838434, 'IE');
INSERT INTO ticket_owner_major (participant_tc, participant_major) VALUES (66045796000, 'BIO');
INSERT INTO ticket_owner_major (participant_tc, participant_major) VALUES (68168625387, 'IE');
INSERT INTO ticket_owner_major (participant_tc, participant_major) VALUES (72422509828, 'MEC');
INSERT INTO ticket_owner_major (participant_tc, participant_major) VALUES (27643084205, 'MED');
INSERT INTO ticket_owner_major (participant_tc, participant_major) VALUES (47731875234, 'CHEM');
INSERT INTO ticket_owner_major (participant_tc, participant_major) VALUES (98175500235, 'GEN');
INSERT INTO ticket_owner_major (participant_tc, participant_major) VALUES (51232580904, 'MED');
INSERT INTO ticket_owner_major (participant_tc, participant_major) VALUES (80992845549, 'ARTH');
INSERT INTO ticket_owner_major (participant_tc, participant_major) VALUES (95906429971, 'MED');
INSERT INTO ticket_owner_major (participant_tc, participant_major) VALUES (63023805267, 'PHYS');
INSERT INTO ticket_owner_major (participant_tc, participant_major) VALUES (99102018374, 'IEEE');
INSERT INTO ticket_owner_major (participant_tc, participant_major) VALUES (71169469782, 'IE');
INSERT INTO ticket_owner_major (participant_tc, participant_major) VALUES (56103118326, 'CHEM');
INSERT INTO ticket_owner_major (participant_tc, participant_major) VALUES (90221312056, 'IEEE');
INSERT INTO ticket_owner_major (participant_tc, participant_major) VALUES (70467085625, 'BIO');
INSERT INTO ticket_owner_major (participant_tc, participant_major) VALUES (16478250168, 'IEEE');
INSERT INTO ticket_owner_major (participant_tc, participant_major) VALUES (60483474669, 'MED');
INSERT INTO ticket_owner_major (participant_tc, participant_major) VALUES (76613436004, 'MEC');
INSERT INTO ticket_owner_major (participant_tc, participant_major) VALUES (76750034759, 'IE');
INSERT INTO ticket_owner_major (participant_tc, participant_major) VALUES (30769132140, 'MED');
INSERT INTO ticket_owner_major (participant_tc, participant_major) VALUES (84116250605, 'ARTH');
INSERT INTO ticket_owner_major (participant_tc, participant_major) VALUES (76577146107, 'PHYS');
INSERT INTO ticket_owner_major (participant_tc, participant_major) VALUES (63729386000, 'PHYS');
INSERT INTO ticket_owner_major (participant_tc, participant_major) VALUES (74818339506, 'MEC');
INSERT INTO ticket_owner_major (participant_tc, participant_major) VALUES (92712569933, 'IE');
INSERT INTO ticket_owner_major (participant_tc, participant_major) VALUES (60896789306, 'MED');
INSERT INTO ticket_owner_major (participant_tc, participant_major) VALUES (23777007666, 'PHYS');
INSERT INTO ticket_owner_major (participant_tc, participant_major) VALUES (29941975447, 'IE');
INSERT INTO ticket_owner_major (participant_tc, participant_major) VALUES (31277126541, 'COMP');
INSERT INTO ticket_owner_major (participant_tc, participant_major) VALUES (73322802894, 'ARTH');
INSERT INTO ticket_owner_major (participant_tc, participant_major) VALUES (74129372071, 'ARTH');
INSERT INTO ticket_owner_major (participant_tc, participant_major) VALUES (31063577378, 'IEEE');
INSERT INTO ticket_owner_major (participant_tc, participant_major) VALUES (27653748527, 'IE');
INSERT INTO ticket_owner_major (participant_tc, participant_major) VALUES (26705920755, 'BIO');
INSERT INTO ticket_owner_major (participant_tc, participant_major) VALUES (53938086303, 'MED');
INSERT INTO ticket_owner_major (participant_tc, participant_major) VALUES (52460580422, 'BIO');
INSERT INTO ticket_owner_major (participant_tc, participant_major) VALUES (71403467548, 'COMP');
INSERT INTO ticket_owner_major (participant_tc, participant_major) VALUES (60632030108, 'IE');
INSERT INTO ticket_owner_major (participant_tc, participant_major) VALUES (74805404635, 'IE');
INSERT INTO ticket_owner_major (participant_tc, participant_major) VALUES (44437524929, 'MEC');
INSERT INTO ticket_owner_major (participant_tc, participant_major) VALUES (71100278129, 'MEC');
INSERT INTO ticket_owner_major (participant_tc, participant_major) VALUES (40762749056, 'IE');
INSERT INTO ticket_owner_major (participant_tc, participant_major) VALUES (50817039318, 'MEC');
INSERT INTO ticket_owner_major (participant_tc, participant_major) VALUES (93447052568, 'IE');
INSERT INTO ticket_owner_major (participant_tc, participant_major) VALUES (46235191933, 'GEN');
INSERT INTO ticket_owner_major (participant_tc, participant_major) VALUES (95363025995, 'ARTH');
INSERT INTO ticket_owner_major (participant_tc, participant_major) VALUES (55971536698, 'MED');
INSERT INTO ticket_owner_major (participant_tc, participant_major) VALUES (53144914886, 'MEC');
INSERT INTO ticket_owner_major (participant_tc, participant_major) VALUES (73953366053, 'MED');
INSERT INTO ticket_owner_major (participant_tc, participant_major) VALUES (43129006901, 'IE');
INSERT INTO ticket_owner_major (participant_tc, participant_major) VALUES (18628645074, 'MED');
INSERT INTO ticket_owner_major (participant_tc, participant_major) VALUES (51873702872, 'MEC');
INSERT INTO ticket_owner_major (participant_tc, participant_major) VALUES (49745693558, 'PHYS');
INSERT INTO ticket_owner_major (participant_tc, participant_major) VALUES (64812880021, 'CHEM');
INSERT INTO ticket_owner_major (participant_tc, participant_major) VALUES (19964713626, 'BIO');
INSERT INTO ticket_owner_major (participant_tc, participant_major) VALUES (50649781712, 'ARTH');
INSERT INTO ticket_owner_major (participant_tc, participant_major) VALUES (95386302988, 'MEC');
INSERT INTO ticket_owner_major (participant_tc, participant_major) VALUES (31317599566, 'ARTH');
INSERT INTO ticket_owner_major (participant_tc, participant_major) VALUES (68116690716, 'CHEM');
INSERT INTO ticket_owner_major (participant_tc, participant_major) VALUES (83761609587, 'MEC');
INSERT INTO ticket_owner_major (participant_tc, participant_major) VALUES (54405348913, 'BIO');
INSERT INTO ticket_owner_major (participant_tc, participant_major) VALUES (90124080970, 'COMP');
INSERT INTO ticket_owner_major (participant_tc, participant_major) VALUES (74566238696, 'IEEE');
INSERT INTO ticket_owner_major (participant_tc, participant_major) VALUES (97248833464, 'MEC');
INSERT INTO ticket_owner_major (participant_tc, participant_major) VALUES (16151377739, 'MED');
INSERT INTO ticket_owner_major (participant_tc, participant_major) VALUES (90451890052, 'IE');
INSERT INTO ticket_owner_major (participant_tc, participant_major) VALUES (23426194518, 'MEC');
INSERT INTO ticket_owner_major (participant_tc, participant_major) VALUES (41864151956, 'IE');
INSERT INTO ticket_owner_major (participant_tc, participant_major) VALUES (37052283698, 'BIO');
INSERT INTO ticket_owner_major (participant_tc, participant_major) VALUES (14591797516, 'CHEM');
INSERT INTO ticket_owner_major (participant_tc, participant_major) VALUES (80568425398, 'ARTH');
INSERT INTO ticket_owner_major (participant_tc, participant_major) VALUES (92628132601, 'CHEM');
INSERT INTO ticket_owner_major (participant_tc, participant_major) VALUES (93681737080, 'CHEM');
INSERT INTO ticket_owner_major (participant_tc, participant_major) VALUES (44822527956, 'GEN');
INSERT INTO ticket_owner_major (participant_tc, participant_major) VALUES (14125979456, 'BIO');
INSERT INTO ticket_owner_major (participant_tc, participant_major) VALUES (25994272512, 'PHYS');
INSERT INTO ticket_owner_major (participant_tc, participant_major) VALUES (61381160604, 'ARTH');
INSERT INTO ticket_owner_major (participant_tc, participant_major) VALUES (83283919900, 'CHEM');
INSERT INTO ticket_owner_major (participant_tc, participant_major) VALUES (87874616086, 'CHEM');
INSERT INTO ticket_owner_major (participant_tc, participant_major) VALUES (52035663054, 'CHEM');
INSERT INTO ticket_owner_major (participant_tc, participant_major) VALUES (68809740047, 'GEN');
INSERT INTO ticket_owner_major (participant_tc, participant_major) VALUES (49149842679, 'PHYS');
INSERT INTO ticket_owner_major (participant_tc, participant_major) VALUES (66451878704, 'MEC');
INSERT INTO ticket_owner_major (participant_tc, participant_major) VALUES (17080988631, 'MEC');
INSERT INTO ticket_owner_major (participant_tc, participant_major) VALUES (11534655472, 'BIO');
INSERT INTO ticket_owner_major (participant_tc, participant_major) VALUES (21888045718, 'BIO');
INSERT INTO ticket_owner_major (participant_tc, participant_major) VALUES (88449894809, 'IEEE');
INSERT INTO ticket_owner_major (participant_tc, participant_major) VALUES (17405189704, 'MED');
INSERT INTO ticket_owner_major (participant_tc, participant_major) VALUES (63900440740, 'MEC');
INSERT INTO ticket_owner_major (participant_tc, participant_major) VALUES (31223114393, 'CHEM');
INSERT INTO ticket_owner_major (participant_tc, participant_major) VALUES (48498681334, 'IE');
INSERT INTO ticket_owner_major (participant_tc, participant_major) VALUES (75319337680, 'GEN');
INSERT INTO ticket_owner_major (participant_tc, participant_major) VALUES (26299614171, 'MEC');
INSERT INTO ticket_owner_major (participant_tc, participant_major) VALUES (90039619712, 'MEC');
INSERT INTO ticket_owner_major (participant_tc, participant_major) VALUES (35150039383, 'ARTH');
INSERT INTO ticket_owner_major (participant_tc, participant_major) VALUES (86915070182, 'IEEE');
INSERT INTO ticket_owner_major (participant_tc, participant_major) VALUES (16000974421, 'IE');
INSERT INTO ticket_owner_major (participant_tc, participant_major) VALUES (60293086481, 'IEEE');
INSERT INTO ticket_owner_major (participant_tc, participant_major) VALUES (35286089965, 'BIO');
INSERT INTO ticket_owner_major (participant_tc, participant_major) VALUES (12163884825, 'MEC');
INSERT INTO ticket_owner_major (participant_tc, participant_major) VALUES (60390136341, 'MED');
INSERT INTO ticket_owner_major (participant_tc, participant_major) VALUES (42418295891, 'CHEM');
INSERT INTO ticket_owner_major (participant_tc, participant_major) VALUES (20744903019, 'ARTH');
INSERT INTO ticket_owner_major (participant_tc, participant_major) VALUES (51239933713, 'MED');
INSERT INTO ticket_owner_major (participant_tc, participant_major) VALUES (78959998899, 'IE');
INSERT INTO ticket_owner_major (participant_tc, participant_major) VALUES (36256216620, 'COMP');
INSERT INTO ticket_owner_major (participant_tc, participant_major) VALUES (40257444613, 'CHEM');
INSERT INTO ticket_owner_major (participant_tc, participant_major) VALUES (37696768464, 'CHEM');
INSERT INTO ticket_owner_major (participant_tc, participant_major) VALUES (47554089538, 'CHEM');
INSERT INTO ticket_owner_major (participant_tc, participant_major) VALUES (73340941848, 'COMP');
INSERT INTO ticket_owner_major (participant_tc, participant_major) VALUES (68669536474, 'MED');
INSERT INTO ticket_owner_major (participant_tc, participant_major) VALUES (95015046993, 'MED');
INSERT INTO ticket_owner_major (participant_tc, participant_major) VALUES (83228751789, 'IE');
INSERT INTO ticket_owner_major (participant_tc, participant_major) VALUES (51944053398, 'PHYS');
INSERT INTO ticket_owner_major (participant_tc, participant_major) VALUES (18708538906, 'IE');
INSERT INTO ticket_owner_major (participant_tc, participant_major) VALUES (86465040943, 'GEN');
INSERT INTO ticket_owner_major (participant_tc, participant_major) VALUES (63345624282, 'MED');
INSERT INTO ticket_owner_major (participant_tc, participant_major) VALUES (10314543740, 'ARTH');
INSERT INTO ticket_owner_major (participant_tc, participant_major) VALUES (58262784324, 'IEEE');
INSERT INTO ticket_owner_major (participant_tc, participant_major) VALUES (57868663680, 'MED');
INSERT INTO ticket_owner_major (participant_tc, participant_major) VALUES (27058272788, 'GEN');
INSERT INTO ticket_owner_major (participant_tc, participant_major) VALUES (94676325376, 'MEC');
INSERT INTO ticket_owner_major (participant_tc, participant_major) VALUES (36122552357, 'MED');
INSERT INTO ticket_owner_major (participant_tc, participant_major) VALUES (76062704959, 'BIO');
INSERT INTO ticket_owner_major (participant_tc, participant_major) VALUES (40478763904, 'GEN');
INSERT INTO ticket_owner_major (participant_tc, participant_major) VALUES (68856471856, 'IEEE');
INSERT INTO ticket_owner_major (participant_tc, participant_major) VALUES (20203624752, 'MEC');
INSERT INTO ticket_owner_major (participant_tc, participant_major) VALUES (55705019799, 'BIO');
INSERT INTO ticket_owner_major (participant_tc, participant_major) VALUES (73298584109, 'IE');
INSERT INTO ticket_owner_major (participant_tc, participant_major) VALUES (99872233213, 'PHYS');
INSERT INTO ticket_owner_major (participant_tc, participant_major) VALUES (20009613965, 'IEEE');
INSERT INTO ticket_owner_major (participant_tc, participant_major) VALUES (91877424962, 'GEN');
INSERT INTO ticket_owner_major (participant_tc, participant_major) VALUES (37334083763, 'COMP');
INSERT INTO ticket_owner_major (participant_tc, participant_major) VALUES (45006363378, 'ARTH');
INSERT INTO ticket_owner_major (participant_tc, participant_major) VALUES (38947066166, 'GEN');
INSERT INTO ticket_owner_major (participant_tc, participant_major) VALUES (49818359669, 'PHYS');
INSERT INTO ticket_owner_major (participant_tc, participant_major) VALUES (20365674852, 'BIO');
INSERT INTO ticket_owner_major (participant_tc, participant_major) VALUES (58492890853, 'ARTH');
INSERT INTO ticket_owner_major (participant_tc, participant_major) VALUES (94997082013, 'MED');
INSERT INTO ticket_owner_major (participant_tc, participant_major) VALUES (15593296728, 'ARTH');
INSERT INTO ticket_owner_major (participant_tc, participant_major) VALUES (50429654924, 'ARTH');
INSERT INTO ticket_owner_major (participant_tc, participant_major) VALUES (54639524466, 'BIO');
INSERT INTO ticket_owner_major (participant_tc, participant_major) VALUES (56349746464, 'COMP');
INSERT INTO ticket_owner_major (participant_tc, participant_major) VALUES (78115886102, 'IEEE');
INSERT INTO ticket_owner_major (participant_tc, participant_major) VALUES (35280358923, 'MEC');
INSERT INTO ticket_owner_major (participant_tc, participant_major) VALUES (18563357760, 'BIO');
INSERT INTO ticket_owner_major (participant_tc, participant_major) VALUES (28588106172, 'GEN');
INSERT INTO ticket_owner_major (participant_tc, participant_major) VALUES (46319738508, 'BIO');
INSERT INTO ticket_owner_major (participant_tc, participant_major) VALUES (97786886793, 'CHEM');
INSERT INTO ticket_owner_major (participant_tc, participant_major) VALUES (14799818972, 'CHEM');
INSERT INTO ticket_owner_major (participant_tc, participant_major) VALUES (18010048431, 'MED');
INSERT INTO ticket_owner_major (participant_tc, participant_major) VALUES (28061151105, 'MEC');
INSERT INTO ticket_owner_major (participant_tc, participant_major) VALUES (38300488275, 'MEC');
INSERT INTO ticket_owner_major (participant_tc, participant_major) VALUES (60160829368, 'COMP');
INSERT INTO ticket_owner_major (participant_tc, participant_major) VALUES (31606394253, 'MEC');
INSERT INTO ticket_owner_major (participant_tc, participant_major) VALUES (92808358842, 'ARTH');
INSERT INTO ticket_owner_major (participant_tc, participant_major) VALUES (26962250251, 'MED');
INSERT INTO ticket_owner_major (participant_tc, participant_major) VALUES (98901478354, 'BIO');
INSERT INTO ticket_owner_major (participant_tc, participant_major) VALUES (14391523737, 'COMP');
INSERT INTO ticket_owner_major (participant_tc, participant_major) VALUES (23051975926, 'BIO');
INSERT INTO ticket_owner_major (participant_tc, participant_major) VALUES (45458320847, 'BIO');
INSERT INTO ticket_owner_major (participant_tc, participant_major) VALUES (28847529983, 'IE');
INSERT INTO ticket_owner_major (participant_tc, participant_major) VALUES (33146701555, 'IE');
INSERT INTO ticket_owner_major (participant_tc, participant_major) VALUES (64196105561, 'PHYS');
INSERT INTO ticket_owner_major (participant_tc, participant_major) VALUES (97041532639, 'GEN');
INSERT INTO ticket_owner_major (participant_tc, participant_major) VALUES (89708449092, 'IE');
INSERT INTO ticket_owner_major (participant_tc, participant_major) VALUES (18606528037, 'ARTH');
INSERT INTO ticket_owner_major (participant_tc, participant_major) VALUES (91647702767, 'GEN');
INSERT INTO ticket_owner_major (participant_tc, participant_major) VALUES (31882818471, 'COMP');
INSERT INTO ticket_owner_major (participant_tc, participant_major) VALUES (11391850741, 'IEEE');
INSERT INTO ticket_owner_major (participant_tc, participant_major) VALUES (81071109938, 'PHYS');
INSERT INTO ticket_owner_major (participant_tc, participant_major) VALUES (76938130878, 'COMP');
INSERT INTO ticket_owner_major (participant_tc, participant_major) VALUES (90079660067, 'GEN');
INSERT INTO ticket_owner_major (participant_tc, participant_major) VALUES (56067588648, 'PHYS');
INSERT INTO ticket_owner_major (participant_tc, participant_major) VALUES (25231565161, 'COMP');
INSERT INTO ticket_owner_major (participant_tc, participant_major) VALUES (35124964788, 'COMP');
INSERT INTO ticket_owner_major (participant_tc, participant_major) VALUES (90788772451, 'CHEM');
INSERT INTO ticket_owner_major (participant_tc, participant_major) VALUES (59178047303, 'MEC');
INSERT INTO ticket_owner_major (participant_tc, participant_major) VALUES (38265469798, 'BIO');
INSERT INTO ticket_owner_major (participant_tc, participant_major) VALUES (60784780120, 'COMP');
INSERT INTO ticket_owner_major (participant_tc, participant_major) VALUES (79561322492, 'ARTH');
INSERT INTO ticket_owner_major (participant_tc, participant_major) VALUES (75882403707, 'MED');
INSERT INTO ticket_owner_major (participant_tc, participant_major) VALUES (49106084036, 'ARTH');
INSERT INTO ticket_owner_major (participant_tc, participant_major) VALUES (38541584410, 'IEEE');
INSERT INTO ticket_owner_major (participant_tc, participant_major) VALUES (15555303321, 'PHYS');
INSERT INTO ticket_owner_major (participant_tc, participant_major) VALUES (58639012258, 'COMP');
INSERT INTO ticket_owner_major (participant_tc, participant_major) VALUES (24117342157, 'MEC');
INSERT INTO ticket_owner_major (participant_tc, participant_major) VALUES (81523040134, 'ARTH');
INSERT INTO ticket_owner_major (participant_tc, participant_major) VALUES (86370215735, 'ARTH');
INSERT INTO ticket_owner_major (participant_tc, participant_major) VALUES (93003803128, 'ARTH');
INSERT INTO ticket_owner_major (participant_tc, participant_major) VALUES (65690660452, 'COMP');
INSERT INTO ticket_owner_major (participant_tc, participant_major) VALUES (68022044045, 'MED');
INSERT INTO ticket_owner_major (participant_tc, participant_major) VALUES (45149228765, 'IEEE');
INSERT INTO ticket_owner_major (participant_tc, participant_major) VALUES (42154085776, 'COMP');
INSERT INTO ticket_owner_major (participant_tc, participant_major) VALUES (23585743605, 'IEEE');
INSERT INTO ticket_owner_major (participant_tc, participant_major) VALUES (86989686009, 'PHYS');
INSERT INTO ticket_owner_major (participant_tc, participant_major) VALUES (33010156893, 'MEC');
INSERT INTO ticket_owner_major (participant_tc, participant_major) VALUES (51456889191, 'BIO');
INSERT INTO ticket_owner_major (participant_tc, participant_major) VALUES (46001056527, 'CHEM');
INSERT INTO ticket_owner_major (participant_tc, participant_major) VALUES (79820543443, 'MEC');
INSERT INTO ticket_owner_major (participant_tc, participant_major) VALUES (93912070077, 'PHYS');
INSERT INTO ticket_owner_major (participant_tc, participant_major) VALUES (66947232465, 'BIO');
INSERT INTO ticket_owner_major (participant_tc, participant_major) VALUES (67425589306, 'ARTH');
INSERT INTO ticket_owner_major (participant_tc, participant_major) VALUES (37760376680, 'COMP');
INSERT INTO ticket_owner_major (participant_tc, participant_major) VALUES (55579308349, 'BIO');
INSERT INTO ticket_owner_major (participant_tc, participant_major) VALUES (52464701436, 'IEEE');
INSERT INTO ticket_owner_major (participant_tc, participant_major) VALUES (20368871950, 'CHEM');
INSERT INTO ticket_owner_major (participant_tc, participant_major) VALUES (35960254593, 'ARTH');
INSERT INTO ticket_owner_major (participant_tc, participant_major) VALUES (10573770462, 'MEC');
INSERT INTO ticket_owner_major (participant_tc, participant_major) VALUES (12297141575, 'MED');
INSERT INTO ticket_owner_major (participant_tc, participant_major) VALUES (36988567343, 'BIO');
INSERT INTO ticket_owner_major (participant_tc, participant_major) VALUES (31852102726, 'IE');
INSERT INTO ticket_owner_major (participant_tc, participant_major) VALUES (32210853821, 'MED');
INSERT INTO ticket_owner_major (participant_tc, participant_major) VALUES (15856275106, 'MED');
INSERT INTO ticket_owner_major (participant_tc, participant_major) VALUES (22322209415, 'IE');
INSERT INTO ticket_owner_major (participant_tc, participant_major) VALUES (11906019896, 'CHEM');
INSERT INTO ticket_owner_major (participant_tc, participant_major) VALUES (90119888397, 'IE');
INSERT INTO ticket_owner_major (participant_tc, participant_major) VALUES (94868688921, 'MED');
INSERT INTO ticket_owner_major (participant_tc, participant_major) VALUES (47839913038, 'COMP');
INSERT INTO ticket_owner_major (participant_tc, participant_major) VALUES (70123864521, 'CHEM');
INSERT INTO ticket_owner_major (participant_tc, participant_major) VALUES (52424695120, 'MED');
INSERT INTO ticket_owner_major (participant_tc, participant_major) VALUES (70155769134, 'COMP');
INSERT INTO ticket_owner_major (participant_tc, participant_major) VALUES (10813142238, 'IEEE');
INSERT INTO ticket_owner_major (participant_tc, participant_major) VALUES (42303885383, 'MED');
INSERT INTO ticket_owner_major (participant_tc, participant_major) VALUES (99912269264, 'IE');
INSERT INTO ticket_owner_major (participant_tc, participant_major) VALUES (33907829088, 'IE');
INSERT INTO ticket_owner_major (participant_tc, participant_major) VALUES (80193974904, 'MED');
INSERT INTO ticket_owner_major (participant_tc, participant_major) VALUES (26264986121, 'MED');
INSERT INTO ticket_owner_major (participant_tc, participant_major) VALUES (88736652900, 'MED');
INSERT INTO ticket_owner_major (participant_tc, participant_major) VALUES (87920198824, 'CHEM');
INSERT INTO ticket_owner_major (participant_tc, participant_major) VALUES (18222093014, 'IEEE');
INSERT INTO ticket_owner_major (participant_tc, participant_major) VALUES (71614044049, 'ARTH');
INSERT INTO ticket_owner_major (participant_tc, participant_major) VALUES (64779984892, 'PHYS');
INSERT INTO ticket_owner_major (participant_tc, participant_major) VALUES (35574863647, 'COMP');
INSERT INTO ticket_owner_major (participant_tc, participant_major) VALUES (45681950118, 'MEC');
INSERT INTO ticket_owner_major (participant_tc, participant_major) VALUES (58792669984, 'IE');
INSERT INTO ticket_owner_major (participant_tc, participant_major) VALUES (61641696158, 'CHEM');
INSERT INTO ticket_owner_major (participant_tc, participant_major) VALUES (72201806598, 'BIO');
INSERT INTO ticket_owner_major (participant_tc, participant_major) VALUES (18165320285, 'GEN');
INSERT INTO ticket_owner_major (participant_tc, participant_major) VALUES (90334309452, 'COMP');
INSERT INTO ticket_owner_major (participant_tc, participant_major) VALUES (62927139109, 'ARTH');
INSERT INTO ticket_owner_major (participant_tc, participant_major) VALUES (56115085645, 'MED');
INSERT INTO ticket_owner_major (participant_tc, participant_major) VALUES (36969323466, 'IEEE');
INSERT INTO ticket_owner_major (participant_tc, participant_major) VALUES (28030070331, 'MED');
INSERT INTO ticket_owner_major (participant_tc, participant_major) VALUES (39619372064, 'MED');
INSERT INTO ticket_owner_major (participant_tc, participant_major) VALUES (52951817112, 'CHEM');
INSERT INTO ticket_owner_major (participant_tc, participant_major) VALUES (99994874000, 'PHYS');
INSERT INTO ticket_owner_major (participant_tc, participant_major) VALUES (19690159661, 'COMP');
INSERT INTO ticket_owner_major (participant_tc, participant_major) VALUES (50861739608, 'ARTH');
INSERT INTO ticket_owner_major (participant_tc, participant_major) VALUES (94572897108, 'PHYS');
INSERT INTO ticket_owner_major (participant_tc, participant_major) VALUES (78223835758, 'IEEE');
INSERT INTO ticket_owner_major (participant_tc, participant_major) VALUES (27079340981, 'MED');
INSERT INTO ticket_owner_major (participant_tc, participant_major) VALUES (12608226260, 'MEC');
INSERT INTO ticket_owner_major (participant_tc, participant_major) VALUES (19967507434, 'MEC');
INSERT INTO ticket_owner_major (participant_tc, participant_major) VALUES (70662905437, 'MED');
INSERT INTO ticket_owner_major (participant_tc, participant_major) VALUES (96197189750, 'COMP');
INSERT INTO ticket_owner_major (participant_tc, participant_major) VALUES (67576306833, 'ARTH');
INSERT INTO ticket_owner_major (participant_tc, participant_major) VALUES (29919297753, 'CHEM');
INSERT INTO ticket_owner_major (participant_tc, participant_major) VALUES (64268591957, 'CHEM');
INSERT INTO ticket_owner_major (participant_tc, participant_major) VALUES (77508219595, 'IE');
INSERT INTO ticket_owner_major (participant_tc, participant_major) VALUES (55087972406, 'COMP');
INSERT INTO ticket_owner_major (participant_tc, participant_major) VALUES (88835032770, 'BIO');
INSERT INTO ticket_owner_major (participant_tc, participant_major) VALUES (96707269972, 'CHEM');
INSERT INTO ticket_owner_major (participant_tc, participant_major) VALUES (46733707208, 'BIO');
INSERT INTO ticket_owner_major (participant_tc, participant_major) VALUES (18343056913, 'BIO');
INSERT INTO ticket_owner_major (participant_tc, participant_major) VALUES (50015785798, 'COMP');
INSERT INTO ticket_owner_major (participant_tc, participant_major) VALUES (60827965885, 'BIO');
INSERT INTO ticket_owner_major (participant_tc, participant_major) VALUES (74446480752, 'BIO');
INSERT INTO ticket_owner_major (participant_tc, participant_major) VALUES (67252660319, 'IE');
INSERT INTO ticket_owner_major (participant_tc, participant_major) VALUES (12385765885, 'IE');
INSERT INTO ticket_owner_major (participant_tc, participant_major) VALUES (54387753901, 'IE');
INSERT INTO ticket_owner_major (participant_tc, participant_major) VALUES (16071883533, 'CHEM');
INSERT INTO ticket_owner_major (participant_tc, participant_major) VALUES (23057959120, 'BIO');
INSERT INTO ticket_owner_major (participant_tc, participant_major) VALUES (44894251276, 'BIO');
INSERT INTO ticket_owner_major (participant_tc, participant_major) VALUES (69169381980, 'MED');
INSERT INTO ticket_owner_major (participant_tc, participant_major) VALUES (99433516340, 'BIO');
INSERT INTO ticket_owner_major (participant_tc, participant_major) VALUES (25427179926, 'BIO');
INSERT INTO ticket_owner_major (participant_tc, participant_major) VALUES (68360039235, 'MEC');
INSERT INTO ticket_owner_major (participant_tc, participant_major) VALUES (51975311291, 'MEC');
INSERT INTO ticket_owner_major (participant_tc, participant_major) VALUES (32564127643, 'MEC');
INSERT INTO ticket_owner_major (participant_tc, participant_major) VALUES (39259226678, 'MEC');
INSERT INTO ticket_owner_major (participant_tc, participant_major) VALUES (26815467316, 'MEC');
INSERT INTO ticket_owner_major (participant_tc, participant_major) VALUES (31051509152, 'COMP');
INSERT INTO ticket_owner_major (participant_tc, participant_major) VALUES (58112106879, 'IEEE');
INSERT INTO ticket_owner_major (participant_tc, participant_major) VALUES (50820397559, 'IE');
INSERT INTO ticket_owner_major (participant_tc, participant_major) VALUES (88138299719, 'IEEE');
INSERT INTO ticket_owner_major (participant_tc, participant_major) VALUES (28438092116, 'IE');
INSERT INTO ticket_owner_major (participant_tc, participant_major) VALUES (32338397942, 'BIO');
INSERT INTO ticket_owner_major (participant_tc, participant_major) VALUES (28598286439, 'IEEE');
INSERT INTO ticket_owner_major (participant_tc, participant_major) VALUES (42703135170, 'MED');
INSERT INTO ticket_owner_major (participant_tc, participant_major) VALUES (62450711887, 'BIO');
INSERT INTO ticket_owner_major (participant_tc, participant_major) VALUES (19810405348, 'IEEE');
INSERT INTO ticket_owner_major (participant_tc, participant_major) VALUES (18530228243, 'ARTH');
INSERT INTO ticket_owner_major (participant_tc, participant_major) VALUES (14215787904, 'ARTH');
INSERT INTO ticket_owner_major (participant_tc, participant_major) VALUES (22806198917, 'GEN');
INSERT INTO ticket_owner_major (participant_tc, participant_major) VALUES (65385128227, 'CHEM');
INSERT INTO ticket_owner_major (participant_tc, participant_major) VALUES (56182595440, 'MEC');
INSERT INTO ticket_owner_major (participant_tc, participant_major) VALUES (32092522083, 'CHEM');
INSERT INTO ticket_owner_major (participant_tc, participant_major) VALUES (76238721877, 'IE');
INSERT INTO ticket_owner_major (participant_tc, participant_major) VALUES (21735003393, 'BIO');
INSERT INTO ticket_owner_major (participant_tc, participant_major) VALUES (98827149879, 'COMP');
INSERT INTO ticket_owner_major (participant_tc, participant_major) VALUES (22303108647, 'IEEE');
INSERT INTO ticket_owner_major (participant_tc, participant_major) VALUES (65834767041, 'IE');
INSERT INTO ticket_owner_major (participant_tc, participant_major) VALUES (18836984984, 'BIO');
INSERT INTO ticket_owner_major (participant_tc, participant_major) VALUES (56262965076, 'BIO');
INSERT INTO ticket_owner_major (participant_tc, participant_major) VALUES (84459157047, 'MEC');
INSERT INTO ticket_owner_major (participant_tc, participant_major) VALUES (11578686630, 'CHEM');
INSERT INTO ticket_owner_major (participant_tc, participant_major) VALUES (45115847655, 'IE');
INSERT INTO ticket_owner_major (participant_tc, participant_major) VALUES (73084132176, 'BIO');
INSERT INTO ticket_owner_major (participant_tc, participant_major) VALUES (51956140534, 'CHEM');
INSERT INTO ticket_owner_major (participant_tc, participant_major) VALUES (76010840635, 'IE');
INSERT INTO ticket_owner_major (participant_tc, participant_major) VALUES (87061893107, 'COMP');
INSERT INTO ticket_owner_major (participant_tc, participant_major) VALUES (65609286406, 'CHEM');
INSERT INTO ticket_owner_major (participant_tc, participant_major) VALUES (86947402159, 'GEN');
INSERT INTO ticket_owner_major (participant_tc, participant_major) VALUES (54392147572, 'MED');
INSERT INTO ticket_owner_major (participant_tc, participant_major) VALUES (92523818455, 'MEC');
INSERT INTO ticket_owner_major (participant_tc, participant_major) VALUES (43710210985, 'BIO');
INSERT INTO ticket_owner_major (participant_tc, participant_major) VALUES (70564065603, 'IEEE');
INSERT INTO ticket_owner_major (participant_tc, participant_major) VALUES (72415372789, 'ARTH');
INSERT INTO ticket_owner_major (participant_tc, participant_major) VALUES (39561400254, 'BIO');
INSERT INTO ticket_owner_major (participant_tc, participant_major) VALUES (95435151830, 'BIO');
INSERT INTO ticket_owner_major (participant_tc, participant_major) VALUES (77906257044, 'IEEE');
INSERT INTO ticket_owner_major (participant_tc, participant_major) VALUES (18602582410, 'IE');
INSERT INTO ticket_owner_major (participant_tc, participant_major) VALUES (80372203222, 'IEEE');
INSERT INTO ticket_owner_major (participant_tc, participant_major) VALUES (69390312496, 'COMP');
INSERT INTO ticket_owner_major (participant_tc, participant_major) VALUES (85512705644, 'PHYS');
INSERT INTO ticket_owner_major (participant_tc, participant_major) VALUES (99587539689, 'ARTH');
INSERT INTO ticket_owner_major (participant_tc, participant_major) VALUES (82562271601, 'MED');
INSERT INTO ticket_owner_major (participant_tc, participant_major) VALUES (64020205709, 'MED');
INSERT INTO ticket_owner_major (participant_tc, participant_major) VALUES (35209423351, 'MED');
INSERT INTO ticket_owner_major (participant_tc, participant_major) VALUES (25830995103, 'GEN');
INSERT INTO ticket_owner_major (participant_tc, participant_major) VALUES (19675123916, 'IEEE');
INSERT INTO ticket_owner_major (participant_tc, participant_major) VALUES (27354488752, 'IEEE');
INSERT INTO ticket_owner_major (participant_tc, participant_major) VALUES (50855911010, 'PHYS');
INSERT INTO ticket_owner_major (participant_tc, participant_major) VALUES (66071374399, 'BIO');
INSERT INTO ticket_owner_major (participant_tc, participant_major) VALUES (77574976941, 'PHYS');
INSERT INTO ticket_owner_major (participant_tc, participant_major) VALUES (68605877569, 'ARTH');
INSERT INTO ticket_owner_major (participant_tc, participant_major) VALUES (60470753340, 'BIO');
INSERT INTO ticket_owner_major (participant_tc, participant_major) VALUES (57135111935, 'COMP');
INSERT INTO ticket_owner_major (participant_tc, participant_major) VALUES (99682885607, 'MED');
INSERT INTO ticket_owner_major (participant_tc, participant_major) VALUES (44749515121, 'MEC');
INSERT INTO ticket_owner_major (participant_tc, participant_major) VALUES (51388010744, 'ARTH');
INSERT INTO ticket_owner_major (participant_tc, participant_major) VALUES (43921262988, 'MED');
INSERT INTO ticket_owner_major (participant_tc, participant_major) VALUES (57740006955, 'MEC');
INSERT INTO ticket_owner_major (participant_tc, participant_major) VALUES (61455279983, 'MEC');
INSERT INTO ticket_owner_major (participant_tc, participant_major) VALUES (47261531251, 'IEEE');
INSERT INTO ticket_owner_major (participant_tc, participant_major) VALUES (83527749551, 'ARTH');
INSERT INTO ticket_owner_major (participant_tc, participant_major) VALUES (87960423777, 'IE');
INSERT INTO ticket_owner_major (participant_tc, participant_major) VALUES (87306528778, 'ARTH');
INSERT INTO ticket_owner_major (participant_tc, participant_major) VALUES (17483677912, 'PHYS');
INSERT INTO ticket_owner_major (participant_tc, participant_major) VALUES (70824788347, 'IE');
INSERT INTO ticket_owner_major (participant_tc, participant_major) VALUES (44355165948, 'BIO');




